bad_date,1,status,cod_flight,airliner,destiny,depart,delay_d,8,arrival,delay_a,duration,12
"Mon, 31. Oct 2022",,Landed,AV47 AVA047,Avianca,AV/AVA Bogota (BOG / SKBO) 00:25 CET,30. Oct 23:25 UTC 01:20 CET,55min late,,04:57 UTC-05,7min late,,
"Mon, 31. Oct 2022",,Landed,LA2485 LPE2485,LATAM Airlines Chile,LA/LAN Lima (LIM / SPJC) 00:40 CET,30. Oct 23:40 UTC 00:52 CET,12min late,,05:54 UTC-05,30min early,,
"Mon, 31. Oct 2022",,Landed,UX15 AEA015,Air Europa,UX/AEA San Pedro Sula (SAP / MHLM) 01:35 CET,00:35 UTC 02:02 CET,27min late,,05:28 CST,46min early,,
"Mon, 31. Oct 2022",,Landed,UX39 AEA039,Air Europa,UX/AEA Quito (UIO / SEQM) 01:45 CET,00:45 UTC 02:50 CET,1h 5min late,,07:17 UTC-05,52min late,,
"Mon, 31. Oct 2022",,Landed,KL1698 KLM22A,KLM Royal Dutch Airlines,KL/KLM Amsterdam (AMS / EHAM) 06:00 CET,05:00 UTC 06:13 CET,13min late,,08:12 CET,27min early,,
,,,,,,,,,,,,
"Mon, 31. Oct 2022",,Landed,LH1121 DLH21P,Lufthansa,LH/DLH Frankfurt (FRA / EDDF) 06:15 CET,05:15 UTC 07:00 CET,45min late,,08:58 CET,3min late,,
"Mon, 31. Oct 2022",,Landed,IB432 IBE04RW,Iberia,IB/IBE Bilbao (BIO / LEBB) 06:20 CET,05:20 UTC 06:32 CET,12min late,,07:09 CET,15min early,,
"Mon, 31. Oct 2022",,Landed,SN3732 BEL2FR,Brussels Airlines,SN/BEL Brussels (BRU / EBBR) 06:25 CET,05:25 UTC 06:24 CET,on time,,08:33 CET,17min early,,
"Mon, 31. Oct 2022",,Landed,FR6703 RYR80SJ,Ryanair,FR/RYR Luqa (MLA / LMML) 06:25 CET,05:25 UTC 06:39 CET,14min late,,08:56 CET,13min early,,
"Mon, 31. Oct 2022",,Landed,UX1159 AEA78NK,Air Europa,UX/AEA Lisbon (LIS / LPPT) 06:30 CET,05:30 UTC 06:42 CET,12min late,,06:42 WET,7min early,,
,,,,,,,,,,,,
"Mon, 31. Oct 2022",,Landed,FR1127 RYR3RY,Ryanair,FR/RYR Venice (VCE / LIPZ) 06:30 CET,05:30 UTC 06:46 CET,16min late,,08:43 CET,11min early,,
"Mon, 31. Oct 2022",,Landed,FR6801 RYR6801,Ryanair,FR/RYR Tenerife (TFS / GCTS) 06:35 CET,05:35 UTC 06:50 CET,15min late,,08:25 WET,14min early,,
"Mon, 31. Oct 2022",,Landed,UX1147 AEA55WY,Air Europa,UX/AEA Porto (OPO / LPPR) 06:35 CET,05:35 UTC 06:52 CET,17min late,,06:46 WET,3min early,,
"Mon, 31. Oct 2022",,Landed,UX5035 AEA5035,Air Europa,UX/AEA Malaga (AGP / LEMG) 06:35 CET,05:35 UTC 06:47 CET,12min late,,07:44 CET,5min early,,
"Mon, 31. Oct 2022",,Landed,UX7161,Air Europa,UX/AEA Bilbao (BIO / LEBB) 06:40 CET,05:40 UTC 06:40 CET,on time,,07:40 CET,,scheduled,
,,,,,,,,,,,,
"Mon, 31. Oct 2022",,Unknown,UX7233,Air Europa,UX/AEA A Coruna (LCG / LECO) 06:40 CET,05:40 UTC,,,,,,
"Mon, 31. Oct 2022",,Landed,AF1401 AFR75CD,Air France,AF/AFR Paris (CDG / LFPG) 06:40 CET,05:40 UTC 07:11 CET,31min late,,08:44 CET,15min early,,
"Mon, 31. Oct 2022",,Landed,FR2528 RYR696N,Ryanair,FR/RYR Berlin (BER / EDDB) 06:45 CET,05:45 UTC 07:13 CET,28min late,,09:41 CET,8min early,,
"Mon, 31. Oct 2022",,Landed,UX7308 AEA7308,Air Europa,UX/AEA Vigo (VGO / LEVX) 06:45 CET,05:45 UTC 06:54 CET,9min late,,07:57 CET,7min late,,
"Mon, 31. Oct 2022",,Landed,FR6689 RYR90SN,Ryanair,FR/RYR Copenhagen (CPH / EKCH) 06:45 CET,05:45 UTC 07:03 CET,18min late,,09:42 CET,22min early,,
,,,,,,,,,,,,
"Mon, 31. Oct 2022",,Landed,AA8627,American Airlines,AA/AAL London (LHR / EGLL) 06:50 CET,05:50 UTC 06:46 CET,3min early,,07:45 GMT,39min early,,
"Mon, 31. Oct 2022",,Landed,TP1023 TAP23HG,TAP - Air Portugal,TP/TAP Lisbon (LIS / LPPT) 06:50 CET,05:50 UTC 07:47 CET,57min late,,07:46 WET,36min late,,
"Mon, 31. Oct 2022",,Landed,IB3170 IBE31EM,Iberia,IB/IBE London (LHR / EGLL) 06:50 CET,05:50 UTC 07:20 CET,24h 30min late,,08:19 GMT,23h 54min late,,
"Mon, 31. Oct 2022",,Landed,FR6795 RYR51EK,Ryanair,FR/RYR Lanzarote (ACE / GCRR) 07:00 CET,06:00 UTC 07:05 CET,5min late,,09:18 CET,26min early,,
"Mon, 31. Oct 2022",,Unknown,DT3002,TAAG - Linhas Aereas de Angola Airlines,DT/DTA Barcelona (BCN / LEBL) 07:00 CET,06:00 UTC,,,,,,
,,,,,,,,,,,,
"Mon, 31. Oct 2022",,Landed,IB3918 IBS3918,Iberia Express,I2/IBS Palma de Mallorca (PMI / LEPA) 07:00 CET,06:00 UTC 07:22 CET,22min late,,08:18 CET,6min early,,
"Mon, 31. Oct 2022",,Landed,IB3002 IBE30KH,Iberia,IB/IBE Barcelona (BCN / LEBL) 07:00 CET,06:00 UTC 07:28 CET,28min late,,08:17 CET,2min late,,
"Mon, 31. Oct 2022",,Landed,UX4047 AEA4047,Air Europa,UX/AEA Alicante (ALC / LEAL) 07:05 CET,06:05 UTC 07:18 CET,13min late,,07:57 CET,12min early,,
"Mon, 31. Oct 2022",,Landed,UX1091 AEA1091,Air Europa,UX/AEA Amsterdam (AMS / EHAM) 07:05 CET,06:05 UTC 07:26 CET,21min late,,09:29 CET,10min early,,
"Mon, 31. Oct 2022",,Landed,UX9059 AEA9059,Air Europa,UX/AEA Tenerife (TFN / GCXO) 07:05 CET,06:05 UTC 07:21 CET,16min late,,08:51 WET,8min early,,
"Mon, 31. Oct 2022",,Landed,UX9156 AEA9156,Air Europa,UX/AEA Las Palmas (LPA / GCLP) 07:05 CET,06:05 UTC 07:38 CET,33min late,,09:02 WET,2min late,2h 23m,
"Mon, 31. Oct 2022",,Landed,UX1065 AEA10YJ,Air Europa,UX/AEA Milan (MXP / LIMC) 07:05 CET,06:05 UTC 07:16 CET,11min late,,08:51 CET,18min early,1h 35m,
"Mon, 31. Oct 2022",,Landed,UX1091 AEA1091,Air Europa,UX/AEA Amsterdam (AMS / EHAM) 07:05 CET,06:05 UTC 07:26 CET,21min late,,09:29 CET,10min early,2h 3m,
"Mon, 31. Oct 2022",,Landed,UX1043 AEA61SE,Air Europa,UX/AEA Rome (FCO / LIRF) 07:05 CET,06:05 UTC 07:15 CET,10min late,,09:10 CET,19min early,1h 55m,
"Mon, 31. Oct 2022",,Landed,UX4063 AEA4063,Air Europa,UX/AEA Valencia (VLC / LEVC) 07:05 CET,06:05 UTC 07:30 CET,25min late,,08:10 CET,5min late,40m,
,,,,,,,,,,,,
"Mon, 31. Oct 2022",,Landed,UX4047 AEA4047,Air Europa,UX/AEA Alicante (ALC / LEAL) 07:05 CET,06:05 UTC 07:18 CET,13min late,,07:57 CET,12min early,38m,
"Mon, 31. Oct 2022",,Landed,UX9059 AEA9059,Air Europa,UX/AEA Tenerife (TFN / GCXO) 07:05 CET,06:05 UTC 07:21 CET,16min late,,08:51 WET,8min early,2h 29m,
"Mon, 31. Oct 2022",,Landed,FR6779 RYR76SZ,Ryanair,FR/RYR Porto (OPO / LPPR) 07:10 CET,06:10 UTC 07:22 CET,12min late,,07:17 WET,7min early,54m,
"Mon, 31. Oct 2022",,Landed,FR6807 RYR1DG,Ryanair,FR/RYR Las Palmas (LPA / GCLP) 07:10 CET,06:10 UTC 07:25 CET,15min late,,08:55 WET,14min early,2h 29m,
"Mon, 31. Oct 2022",,Landed,UX1503 AEA67JA,Air Europa,UX/AEA Frankfurt (FRA / EDDF) 07:10 CET,06:10 UTC 07:21 CET,11min late,,09:27 CET,22min early,2h 6m,
,,,,,,,,,,,,
"Mon, 31. Oct 2022",,Landed,UX1515 AEA1515,Air Europa,UX/AEA Munich (MUC / EDDM) 07:10 CET,06:10 UTC 07:28 CET,18min late,,09:27 CET,17min early,1h 58m,
"Mon, 31. Oct 2022",,Landed,UX1027 AEA40GP,Air Europa,UX/AEA Paris (ORY / LFPO) 07:10 CET,06:10 UTC 07:23 CET,13min late,,08:48 CET,16min early,1h 24m,
"Mon, 31. Oct 2022",,Landed,IB8674 ANE43FZ,Iberia,IB/IBE Geneva (GVA / LSGG) 07:15 CET,06:15 UTC 07:40 CET,25min late,,09:03 CET,11min early,1h 23m,
"Mon, 31. Oct 2022",,Landed,FR5057 RYR44SR,Ryanair,FR/RYR Catania (CTA / LICC) 07:15 CET,06:15 UTC 07:44 CET,29min late,,10:10 CET,5min late,2h 26m,
"Mon, 31. Oct 2022",,Landed,IB552 IBE05BL,Iberia,IB/IBE Santander (SDR / LEXJ) 07:15 CET,06:15 UTC 07:24 CET,9min late,,08:06 CET,13min early,41m,
,,,,,,,,,,,,
"Mon, 31. Oct 2022",,Landed,IB3090 IBE30ZV,Iberia,IB/IBE Porto (OPO / LPPR) 07:20 CET,06:20 UTC 07:34 CET,14min late,,07:25 WET,14min early,50m,
"Mon, 31. Oct 2022",,Landed,IB3866 IBS38SJ,Iberia Express,I2/IBS Malaga (AGP / LEMG) 07:20 CET,06:20 UTC 07:33 CET,13min late,,08:26 CET,8min early,53m,
"Mon, 31. Oct 2022",,Landed,IB3108 IBE31VF,Iberia,IB/IBE Lisbon (LIS / LPPT) 07:20 CET,06:20 UTC 08:04 CET,44min late,,08:04 WET,24min late,1h,
"Mon, 31. Oct 2022",,Landed,IB8736 ANE90YB,Iberia,IB/IBE Toulouse (TLS / LFBO) 07:20 CET,06:20 UTC 07:52 CET,32min late,,08:49 CET,9min late,57m,
"Mon, 31. Oct 2022",,Landed,IB8916 ANE46GG,Iberia,IB/IBE Almeria (LEI / LEAM) 07:20 CET,06:20 UTC 07:30 CET,10min late,,08:18 CET,11min early,47m,
,,,,,,,,,,,,
"Mon, 31. Oct 2022",,Landed,UX1171 AEA1171,Air Europa,UX/AEA Brussels (BRU / EBBR) 07:20 CET,06:20 UTC 07:53 CET,33min late,,09:44 CET,on time,1h 50m,
"Mon, 31. Oct 2022",,Landed,IB3876 IBS38HK,Iberia,IB/IBE Santiago (SCQ / LEST) 07:20 CET,06:20 UTC 07:42 CET,22min late,,08:35 CET,4min early,53m,
"Mon, 31. Oct 2022",,Diverted,IB514 IBE05MC,Iberia,IB/IBE A Coruna (LCG / LECO) 07:20 CET,06:20 UTC 1h 16m,,,,,,
"Mon, 31. Oct 2022",,Landed,LH1807 DLH37F,Lufthansa,LH/DLH Munich (MUC / EDDM) 07:25 CET,06:25 UTC 07:35 CET,10min late,,09:32 CET,33min early,1h 56m,
"Mon, 31. Oct 2022",,Landed,IB8858 ANE35GX,Iberia,IB/IBE Alicante (ALC / LEAL) 07:25 CET,06:25 UTC 07:46 CET,21min late,,08:29 CET,5min early,43m,
,,,,,,,,,,,,
"Mon, 31. Oct 2022",,Landed,IB8696 ANE17DB,Iberia,IB/IBE Bordeaux (BOD / LFBD) 07:25 CET,06:25 UTC 07:44 CET,19min late,,08:34 CET,10min early,50m,
"Mon, 31. Oct 2022",,Landed,IB448 IBE04KY,Iberia,IB/IBE Bilbao (BIO / LEBB) 07:25 CET,06:25 UTC 07:34 CET,9min late,,08:11 CET,18min early,36m,
"Mon, 31. Oct 2022",,Landed,IB3960 IBS3960,Iberia,IB/IBE Tenerife (TFN / GCXO) 07:25 CET,06:25 UTC 07:31 CET,6min late,,09:05 WET,14min early,2h 34m,
"Mon, 31. Oct 2022",,Landed,IB3402 IBE34WW,Iberia,IB/IBE Paris (ORY / LFPO) 07:25 CET,06:25 UTC 07:33 CET,8min late,,09:08 CET,21min early,1h 35m,
"Mon, 31. Oct 2022",,Landed,IB3004 IBE30AW,Iberia,IB/IBE Barcelona (BCN / LEBL) 07:30 CET,06:30 UTC 07:50 CET,20min late,,08:41 CET,3min early,50m,
"Mon, 31. Oct 2022",,Landed,IB3954 IBS3954,Iberia Express,I2/IBS Seville (SVQ / LEZL) 07:30 CET,06:30 UTC 07:56 CET,26min late,,08:42 CET,2min late,46m,
"Mon, 31. Oct 2022",,Landed,U28274 EZY69EK,easyJet,U2/EZY London (LGW / EGKK) 07:30 CET,06:30 UTC 08:11 CET,41min late,,09:04 GMT,4min late,1h 52m,
"Mon, 31. Oct 2022",,Landed,UX7701 AEA7701,Air Europa,UX/AEA Barcelona (BCN / LEBL) 07:30 CET,06:30 UTC 07:50 CET,20min late,,08:48 CET,6min early,57m,
"Mon, 31. Oct 2022",,Landed,IB3826 IBS3826,Iberia Express,I2/IBS Las Palmas (LPA / GCLP) 07:30 CET,06:30 UTC 07:55 CET,25min late,,09:23 WET,6min early,2h 28m,
"Mon, 31. Oct 2022",,Landed,IB414 IBE04LH,Iberia,IB/IBE Jerez (XRY / LEJR) 07:30 CET,06:30 UTC 07:47 CET,17min late,,08:41 CET,1min late,53m,
,,,,,,,,,,,,
"Mon, 31. Oct 2022",,Landed,IB3004 IBE30AW,Iberia,IB/IBE Barcelona (BCN / LEBL) 07:30 CET,06:30 UTC 07:50 CET,20min late,,08:41 CET,3min early,50m,
"Mon, 31. Oct 2022",,Landed,IB478 IBE04FW,Iberia,IB/IBE Asturias (OVD / LEAS) 07:30 CET,06:30 UTC 07:53 CET,23min late,,08:38 CET,6min early,45m,
"Mon, 31. Oct 2022",,Landed,UX1013 AEA59NB,Air Europa,UX/AEA London (LGW / EGKK) 07:35 CET,06:35 UTC 08:05 CET,30min late,,08:56 GMT,3min early,1h 51m,
"Mon, 31. Oct 2022",,Landed,IB498 IBE04SM,Iberia,IB/IBE San Sebastian (EAS / LESO) 07:35 CET,06:35 UTC 08:01 CET,26min late,,08:45 CET,5min late,43m,
"Mon, 31. Oct 2022",,Landed,IB8686 ANE94UE,Iberia,IB/IBE Nantes (NTE / LFRS) 07:35 CET,06:35 UTC 07:52 CET,17min late,,08:56 CET,18min early,1h 3m,
,,,,,,,,,,,,
"Mon, 31. Oct 2022",,Landed,IB8330 ANE77VY,Iberia,IB/IBE Badajoz (BJZ / LEBZ) 07:40 CET,06:40 UTC 07:59 CET,19min late,,08:56 CET,3min early,56m,
"Mon, 31. Oct 2022",,Landed,FR5997 RYR93XH,Ryanair,FR/RYR London (STN / EGSS) 07:40 CET,06:40 UTC 08:08 CET,28min late,,09:02 GMT,7min early,1h 54m,
"Mon, 31. Oct 2022",,Landed,IB3162 IBE31SP,Iberia,IB/IBE London (LHR / EGLL) 07:40 CET,06:40 UTC 07:48 CET,8min late,,08:45 GMT,30min early,1h 56m,
"Mon, 31. Oct 2022",,Landed,IB3844 IBS3844,Iberia,IB/IBE La Palma (SPC / GCLA) 07:40 CET,06:40 UTC 07:50 CET,10min late,,09:40 WET,9min early,2h 50m,
"Mon, 31. Oct 2022",,Landed,AA8628,American Airlines,AA/AAL London (LHR / EGLL) 07:40 CET,06:40 UTC 07:42 CET,2min late,,08:47 GMT,27min early,2h 5m,
,,,,,,,,,,,,
"Mon, 31. Oct 2022",,Landed,FR3011 RYR5MQ,Ryanair,FR/RYR Palma de Mallorca (PMI / LEPA) 07:45 CET,06:45 UTC 07:57 CET,12min late,,08:58 CET,16min early,1h 1m,
"Mon, 31. Oct 2022",,Landed,IB3676 IBS36TD,Iberia,IB/IBE Berlin (BER / EDDB) 07:50 CET,06:50 UTC 08:00 CET,10min late,,10:23 CET,31min early,2h 22m,
"Mon, 31. Oct 2022",,Landed,UX1675 AEA98JU,Air Europa,UX/AEA Zurich (ZRH / LSZH) 07:55 CET,06:55 UTC 08:10 CET,15min late,,10:00 CET,9min early,1h 50m,
"Mon, 31. Oct 2022",,Landed,IB8872 ANE98RT,Iberia,IB/IBE Valencia (VLC / LEVC) 07:55 CET,06:55 UTC 08:12 CET,17min late,,08:50 CET,4min early,38m,
"Mon, 31. Oct 2022",,Landed,FR6815 RYR1ZE,Ryanair,FR/RYR Manchester (MAN / EGCC) 08:15 CET,07:15 UTC 08:22 CET,7min late,,09:21 GMT,28min early,1h 59m,
,,,,,,,,,,,,
"Mon, 31. Oct 2022",,Landed,UX6031 AEA6031,Air Europa,UX/AEA Palma de Mallorca (PMI / LEPA) 08:20 CET,07:20 UTC 08:39 CET,19min late,,09:36 CET,3min early,57m,
"Mon, 31. Oct 2022",,Landed,QR148 QTR51Y,Qatar Airways,QR/QTR Doha (DOH / OTHH) 08:20 CET,07:20 UTC 08:42 CET,22min late,,17:14 UTC+03,9min late,6h 31m,
"Mon, 31. Oct 2022",,Landed,IB11 IBE0011,Iberia,IB/IBE Almeria (LEI / LEAM) 08:25 CET,07:25 UTC 09:00 CET,35min late,,09:59 CET,16min late,58m,
"Mon, 31. Oct 2022",,Landed,IB3008 IBE30VF,Iberia,IB/IBE Barcelona (BCN / LEBL) 08:30 CET,07:30 UTC 08:43 CET,13min late,,09:35 CET,14min early,51m,
"Mon, 31. Oct 2022",,Landed,LH1123 DLH97X,Lufthansa,LH/DLH Frankfurt (FRA / EDDF) 08:30 CET,07:30 UTC 08:41 CET,11min late,,11:05 CET,5min early,2h 24m,
,,,,,,,,,,,,
"Mon, 31. Oct 2022",,Landed,IB3868 IBS3868,Iberia Express,I2/IBS Las Palmas (LPA / GCLP) 08:40 CET,07:40 UTC 08:51 CET,11min late,,10:16 WET,23min early,2h 25m,
"Mon, 31. Oct 2022",,Landed,IB3140 IBE31BY,Iberia,IB/IBE Dusseldorf (DUS / EDDL) 08:40 CET,07:40 UTC 08:49 CET,9min late,,10:55 CET,24min early,2h 6m,
"Mon, 31. Oct 2022",,Landed,IB8706 ANE87QP,Iberia,IB/IBE Frankfurt (FRA / EDDF) 08:40 CET,07:40 UTC 08:52 CET,12min late,,10:59 CET,25min early,2h 7m,
"Mon, 31. Oct 2022",,Landed,IB3120 IBE31ZM,Iberia,IB/IBE Vienna (VIE / LOWW) 08:40 CET,07:40 UTC 09:00 CET,20min late,,11:28 CET,11min early,2h 27m,
"Mon, 31. Oct 2022",,Landed,IB3230 IBE32BM,Iberia,IB/IBE Rome (FCO / LIRF) 08:40 CET,07:40 UTC 08:43 CET,3min late,,10:38 CET,31min early,1h 55m,
"Mon, 31. Oct 2022",,Landed,IB3230 IBE32BM,Iberia,IB/IBE Rome (FCO / LIRF) 08:40 CET,07:40 UTC 08:43 CET,3min late,,10:38 CET,31min early,1h 55m,
"Mon, 31. Oct 2022",,Landed,IB8706 ANE87QP,Iberia,IB/IBE Frankfurt (FRA / EDDF) 08:40 CET,07:40 UTC 08:52 CET,12min late,,10:59 CET,25min early,2h 7m,
"Mon, 31. Oct 2022",,Landed,IB3868 IBS3868,Iberia Express,I2/IBS Las Palmas (LPA / GCLP) 08:40 CET,07:40 UTC 08:51 CET,11min late,,10:16 WET,23min early,2h 25m,
"Mon, 31. Oct 2022",,Landed,IB3140 IBE31BY,Iberia,IB/IBE Dusseldorf (DUS / EDDL) 08:40 CET,07:40 UTC 08:49 CET,9min late,,10:55 CET,24min early,2h 6m,
"Mon, 31. Oct 2022",,Landed,IB3120 IBE31ZM,Iberia,IB/IBE Vienna (VIE / LOWW) 08:40 CET,07:40 UTC 09:00 CET,20min late,,11:28 CET,11min early,2h 27m,
,,,,,,,,,,,,
"Mon, 31. Oct 2022",,Landed,IB3738 IBS37HF,Iberia,IB/IBE Paris (CDG / LFPG) 08:45 CET,07:45 UTC 09:11 CET,26min late,,10:40 CET,9min early,1h 28m,
"Mon, 31. Oct 2022",,Landed,IB3464 IBE34SZ,Iberia,IB/IBE Zurich (ZRH / LSZH) 08:45 CET,07:45 UTC 09:19 CET,34min late,,11:18 CET,8min late,1h 59m,
"Mon, 31. Oct 2022",,Landed,UX1301 AEA1301,Air Europa,UX/AEA Tel Aviv (TLV / LLBG) 08:45 CET,07:45 UTC 09:12 CET,27min late,,14:29 IST,9min late,4h 17m,
"Mon, 31. Oct 2022",,Landed,IB3290 IBE32ZD,Iberia,IB/IBE Budapest (BUD / LHBP) 08:45 CET,07:45 UTC 09:00 CET,15min late,,11:41 CET,13min early,2h 41m,
"Mon, 31. Oct 2022",,Landed,IB3242 IBE32LP,Iberia,IB/IBE Venice (VCE / LIPZ) 08:45 CET,07:45 UTC 08:50 CET,5min late,,10:50 CET,24min early,1h 59m,
,,,,,,,,,,,,
"Mon, 31. Oct 2022",,Landed,IB3206 IBE32WK,Iberia,IB/IBE Brussels (BRU / EBBR) 08:45 CET,07:45 UTC 08:55 CET,10min late,,10:57 CET,17min early,2h 2m,
"Mon, 31. Oct 2022",,Landed,IB3722 IBS3722,Iberia Express,I2/IBS Amsterdam (AMS / EHAM) 08:50 CET,07:50 UTC 09:10 CET,20min late,,11:12 CET,17min early,2h 1m,
"Mon, 31. Oct 2022",,Landed,IB3190 IBE31VD,Iberia,IB/IBE Munich (MUC / EDDM) 08:50 CET,07:50 UTC 08:55 CET,5min late,,11:00 CET,29min early,2h 4m,
"Mon, 31. Oct 2022",,Landed,IB3714 IBS3714,Iberia Express,I2/IBS London (LGW / EGKK) 08:50 CET,07:50 UTC 09:02 CET,12min late,,09:47 GMT,22min early,1h 44m,
"Mon, 31. Oct 2022",,Landed,IB3250 IBE32YR,Iberia,IB/IBE Milan (LIN / LIML) 08:50 CET,07:50 UTC 09:06 CET,16min late,,10:50 CET,14min early,1h 44m,
,,,,,,,,,,,,
"Mon, 31. Oct 2022",,Landed,AV27 AVA027,Avianca,AV/AVA Bogota (BOG / SKBO) 08:55 CET,07:55 UTC 09:07 CET,12min late,,13:01 UTC-05,19min early,9h 54m,
"Mon, 31. Oct 2022",,Landed,IB3160 IBE31KC,Iberia,IB/IBE London (LHR / EGLL) 09:00 CET,08:00 UTC 09:06 CET,6min late,,10:01 GMT,34min early,1h 54m,
"Mon, 31. Oct 2022",,Landed,AA8629,American Airlines,AA/AAL London (LHR / EGLL) 09:00 CET,08:00 UTC 08:57 CET,2min early,,09:58 GMT,36min early,2h 1m,
"Mon, 31. Oct 2022",,Landed,W62372 WZZ9SS,Wizz Air,W6/WZZ Budapest (BUD / LHBP) 09:05 CET,08:05 UTC 09:30 CET,25min late,,12:12 CET,7min early,2h 41m,
"Mon, 31. Oct 2022",,Landed,TO4631 TVF13CM,Transavia France,TO/TVF Paris (ORY / LFPO) 09:10 CET,08:10 UTC 09:29 CET,19min late,,11:10 CET,4min early,1h 41m,
,,,,,,,,,,,,
"Mon, 31. Oct 2022",,Landed,IB8844 ANE8844,Iberia,IB/IBE Pamplona (PNA / LEPP) 09:10 CET,08:10 UTC 09:24 CET,14min late,,09:58 CET,11min early,34m,
"Mon, 31. Oct 2022",,Landed,IB3942 IBS3942,Iberia,IB/IBE Tenerife (TFN / GCXO) 09:15 CET,08:15 UTC 09:25 CET,10min late,,10:52 WET,17min early,2h 26m,
"Mon, 31. Oct 2022",,Landed,IB8766 ANE29SP,Iberia,IB/IBE Turin (TRN / LIMF) 09:15 CET,08:15 UTC 09:36 CET,21min late,,11:07 CET,17min early,1h 30m,
"Mon, 31. Oct 2022",,Landed,IB8756 ANE86CN,Iberia,IB/IBE Bologna (BLQ / LIPE) 09:15 CET,08:15 UTC 09:33 CET,18min late,,11:18 CET,16min early,1h 44m,
"Mon, 31. Oct 2022",,Landed,FR6809 RYR738C,Ryanair,FR/RYR Luxembourg (LUX / ELLX) 09:20 CET,08:20 UTC 09:37 CET,17min late,,11:26 CET,18min early,1h 49m,
,,,,,,,,,,,,
"Mon, 31. Oct 2022",,Landed,FR6671 RYR77NG,Ryanair,FR/RYR Brussels (CRL / EBCI) 09:25 CET,08:25 UTC 09:41 CET,16min late,,11:27 CET,22min early,1h 46m,
"Mon, 31. Oct 2022",,Landed,W63562 WZZ1JC,Wizz Air,W6/WZZ Timisoara (TSR / LRTR) 09:30 CET,08:30 UTC 10:04 CET,34min late,,13:47 EET,7min early,2h 43m,
"Mon, 31. Oct 2022",,Landed,CA1028 CAO1028,Air China,CA/CCA Hangzhou (HGH / ZSHC) 09:35 CET,08:35 UTC 04:34 CET,5h 0min early,,23:28 CST,5h 26min early,11h 53m,
"Mon, 31. Oct 2022",,Landed,VY1003 VLG62MT,Vueling,VY/VLG Barcelona (BCN / LEBL) 09:35 CET,08:35 UTC 09:53 CET,18min late,,10:47 CET,2min early,53m,
"Mon, 31. Oct 2022",,Landed,U21116 EZS68GY,easyJet,U2/EZY Basel (BSL / LFSB) 09:40 CET,08:40 UTC 10:10 CET,30min late,,11:48 CET,6min early,1h 38m,
"Mon, 31. Oct 2022",,Landed,U21116 EZS68GY,easyJet,U2/EZY Basel (BSL / LFSB) 09:40 CET,08:40 UTC 10:10 CET,30min late,,11:48 CET,6min early,1h 38m,
"Mon, 31. Oct 2022",,Landed,EY76 ETD26W,Etihad Airways,EY/ETD Abu Dhabi (AUH / OMAA) 09:45 CET,08:45 UTC 10:15 CET,30min late,,19:36 UTC+04,11min late,6h 20m,
"Mon, 31. Oct 2022",,Landed,DL127 DAL127,Delta Air Lines,DL/DAL New York (JFK / KJFK) 09:45 CET,08:45 UTC 09:58 CET,13min late,,13:09 EDT,20min early,8h 11m,
"Mon, 31. Oct 2022",,Landed,IB3436 IBE34TB,Iberia,IB/IBE Paris (ORY / LFPO) 09:50 CET,08:50 UTC 10:01 CET,11min late,,11:36 CET,18min early,1h 34m,
"Mon, 31. Oct 2022",,Landed,FR3256 RYR6MV,Ryanair,FR/RYR Birmingham (BHX / EGBB) 09:50 CET,08:50 UTC 12:10 CET,2h 20min late,,13:02 GMT,1h 37min late,1h 51m,
,,,,,,,,,,,,
"Mon, 31. Oct 2022",,Landed,IB3480 IBE34CH,Iberia,IB/IBE Geneva (GVA / LSGG) 09:50 CET,08:50 UTC 09:59 CET,9min late,,11:31 CET,18min early,1h 31m,
"Mon, 31. Oct 2022",,Landed,W68354 WZZ9WG,Wizz Air,W6/WZZ Rome (FCO / LIRF) 09:50 CET,08:50 UTC 10:29 CET,39min late,,12:25 CET,5min late,1h 56m,
"Mon, 31. Oct 2022",,Landed,IB3340 IBE3340,Iberia,IB/IBE Marrakesh (RAK / GMMX) 10:00 CET,09:00 UTC 10:14 CET,14min late,,11:48 UTC+01,6min early,1h 33m,
"Mon, 31. Oct 2022",,Landed,U21416 EZS13XG,easyJet,U2/EZY Geneva (GVA / LSGG) 10:00 CET,09:00 UTC 10:22 CET,22min late,,11:46 CET,13min early,1h 24m,
"Mon, 31. Oct 2022",,Landed,DL109 DAL109,Delta Air Lines,DL/DAL Atlanta (ATL / KATL) 10:00 CET,09:00 UTC 09:45 CET,15min early,,15:43 EDT,23min late,10h 58m,
,,,,,,,,,,,,
"Mon, 31. Oct 2022",,Landed,AA69 AAL69,American Airlines,AA/AAL Miami (MIA / KMIA) 10:00 CET,09:00 UTC 10:25 CET,25min late,,14:48 EDT,31min late,9h 23m,
"Mon, 31. Oct 2022",,Landed,U27612 EJU98RA,easyJet,U2/EZY Lisbon (LIS / LPPT) 10:00 CET,09:00 UTC 11:03 CET,1h 3min late,,10:45 WET,20min late,42m,
"Mon, 31. Oct 2022",,Landed,AF1001 AFR63QU,Air France,AF/AFR Paris (CDG / LFPG) 10:00 CET,09:00 UTC 10:14 CET,14min late,,11:51 CET,18min early,1h 37m,
"Mon, 31. Oct 2022",,Landed,FR6731 RYR63VR,Ryanair,FR/RYR Naples (NAP / LIRN) 10:00 CET,09:00 UTC 10:11 CET,11min late,,12:16 CET,18min early,2h 4m,
"Mon, 31. Oct 2022",,Landed,FR5991 RYR43MH,Ryanair,FR/RYR Milan (BGY / LIME) 10:00 CET,09:00 UTC 10:25 CET,25min late,,12:12 CET,7min early,1h 47m,
,,,,,,,,,,,,
"Mon, 31. Oct 2022",,Landed,IB3314 IBE33LC,Iberia,IB/IBE Stockholm (ARN / ESSA) 10:05 CET,09:05 UTC 10:19 CET,14min late,,13:30 CET,34min early,3h 10m,
"Mon, 31. Oct 2022",,Landed,IB8726 ANE67YB,Iberia,IB/IBE Nice (NCE / LFMN) 10:05 CET,09:05 UTC 10:21 CET,16min late,,11:44 CET,15min early,1h 22m,
"Mon, 31. Oct 2022",,Landed,U23906 EJU71CR,easyJet,U2/EZY Paris (CDG / LFPG) 10:05 CET,09:05 UTC 10:31 CET,26min late,,12:04 CET,10min early,1h 32m,
"Mon, 31. Oct 2022",,Landed,IB3388 IBE33EH,Iberia,IB/IBE Marseille (MRS / LFML) 10:15 CET,09:15 UTC 10:21 CET,6min late,,11:46 CET,13min early,1h 25m,
"Mon, 31. Oct 2022",,Landed,UX6013 AEA92GF,Air Europa,UX/AEA Palma de Mallorca (PMI / LEPA) 10:15 CET,09:15 UTC 10:23 CET,8min late,,11:19 CET,15min early,55m,
,,,,,,,,,,,,
"Mon, 31. Oct 2022",,Landed,IB3822 IBS38DH,Iberia,IB/IBE Las Palmas (LPA / GCLP) 10:15 CET,09:15 UTC 10:29 CET,14min late,,11:59 WET,15min early,2h 30m,
"Mon, 31. Oct 2022",,Landed,TP1011 TAP11WQ,TAP - Air Portugal,TP/TAP Lisbon (LIS / LPPT) 10:20 CET,09:20 UTC 11:30 CET,1h 10min late,,11:28 WET,48min late,57m,
"Mon, 31. Oct 2022",,Landed,AY1662 FIN08VD,Finnair,AY/FIN Helsinki (HEL / EFHK) 10:20 CET,09:20 UTC 10:38 CET,18min late,,15:12 EET,17min early,3h 34m,
"Mon, 31. Oct 2022",,Landed,FR6209 RYR2ZU,Ryanair,FR/RYR Krakow (KRK / EPKK) 10:30 CET,09:30 UTC 11:18 CET,48min late,,14:02 CET,12min late,2h 43m,
"Mon, 31. Oct 2022",,Landed,IB3736 IBS3736,Iberia Express,I2/IBS Lyon (LYS / LFLL) 10:30 CET,09:30 UTC 10:52 CET,22min late,,12:15 CET,on time,1h 23m,
,,,,,,,,,,,,
"Mon, 31. Oct 2022",,Landed,UX1153 AEA1153,Air Europa,UX/AEA Lisbon (LIS / LPPT) 10:30 CET,09:30 UTC 10:50 CET,20min late,,10:44 WET,5min early,54m,
"Mon, 31. Oct 2022",,Landed,UX5043 AEA5043,Air Europa,UX/AEA Malaga (AGP / LEMG) 10:35 CET,09:35 UTC 12:05 CET,1h 30min late,,12:54 CET,1h 4min late,48m,
"Mon, 31. Oct 2022",,Landed,FR5354 RYR49EJ,Ryanair,FR/RYR Ibiza (IBZ / LEIB) 10:35 CET,09:35 UTC 10:58 CET,23min late,,11:43 CET,11min early,45m,
"Mon, 31. Oct 2022",,Landed,UX7231 AEA37XE,Air Europa,UX/AEA A Coruna (LCG / LECO) 10:35 CET,09:35 UTC 11:36 CET,1h 1min late,,12:55 CET,1h 10min late,1h 18m,
"Mon, 31. Oct 2022",,Landed,IB3496 IBE34KA,Iberia,IB/IBE Oslo (OSL / ENGM) 10:35 CET,09:35 UTC 10:48 CET,13min late,,13:49 CET,30min early,3h,
"Mon, 31. Oct 2022",,Landed,FR5278 RYR5ZH,Ryanair,FR/RYR Tenerife (TFN / GCXO) 10:35 CET,09:35 UTC 10:46 CET,11min late,,12:25 WET,4min early,2h 38m,
"Mon, 31. Oct 2022",,Landed,FR5354 RYR49EJ,Ryanair,FR/RYR Ibiza (IBZ / LEIB) 10:35 CET,09:35 UTC 10:58 CET,23min late,,11:43 CET,11min early,45m,
"Mon, 31. Oct 2022",,Landed,UX5043 AEA5043,Air Europa,UX/AEA Malaga (AGP / LEMG) 10:35 CET,09:35 UTC 12:05 CET,1h 30min late,,12:54 CET,1h 4min late,48m,
"Mon, 31. Oct 2022",,Landed,UX7231 AEA37XE,Air Europa,UX/AEA A Coruna (LCG / LECO) 10:35 CET,09:35 UTC 11:36 CET,1h 1min late,,12:55 CET,1h 10min late,1h 18m,
"Mon, 31. Oct 2022",,Landed,IB3496 IBE34KA,Iberia,IB/IBE Oslo (OSL / ENGM) 10:35 CET,09:35 UTC 10:48 CET,13min late,,13:49 CET,30min early,3h,
,,,,,,,,,,,,
"Mon, 31. Oct 2022",,Landed,UX1145 AEA87GD,Air Europa,UX/AEA Porto (OPO / LPPR) 10:35 CET,09:35 UTC 10:45 CET,10min late,,10:43 WET,6min early,58m,
"Mon, 31. Oct 2022",,Landed,FR6791 RYR7WT,Ryanair,FR/RYR Marrakesh (RAK / GMMX) 10:40 CET,09:40 UTC 10:54 CET,14min late,,12:34 UTC+01,49min late,1h 40m,
"Mon, 31. Oct 2022",,Landed,UX7302 AEA61RR,Air Europa,UX/AEA Vigo (VGO / LEVX) 10:40 CET,09:40 UTC 10:51 CET,11min late,,11:43 CET,1min early,51m,
"Mon, 31. Oct 2022",,Landed,RK2629 RUK5EQ,Air Afrique,RK/RKA London (STN / EGSS) 10:45 CET,09:45 UTC 11:40 CET,55min late,,12:25 GMT,10min late,1h 45m,
"Mon, 31. Oct 2022",,Landed,AA95 AAL95,American Airlines,AA/AAL New York (JFK / KJFK) 10:45 CET,09:45 UTC 11:00 CET,15min late,,13:58 EDT,1min late,7h 57m,
,,,,,,,,,,,,
"Mon, 31. Oct 2022",,Landed,BA457 BAW457,British Airways,BA/BAW London (LHR / EGLL) 10:45 CET,09:45 UTC 11:02 CET,17min late,,11:51 GMT,23min early,1h 48m,
"Mon, 31. Oct 2022",,Landed,AV15 AVA015,Avianca,AV/AVA Cali (CLO / SKCL) 10:50 CET,09:50 UTC 15:02 CET,4h 12min late,,19:03 UTC-05,3h 18min late,10h,
"Mon, 31. Oct 2022",,Landed,UX7157 AEA61GG,Air Europa,UX/AEA Bilbao (BIO / LEBB) 10:55 CET,09:55 UTC 11:57 CET,1h 2min late,,12:35 CET,40min late,38m,
"Mon, 31. Oct 2022",,Landed,PU701 PUE701,PLUNA,PU/PUA Caracas (CCS / SVMI) 11:00 CET,10:00 UTC 11:46 CET,46min late,,15:42 UTC-04,12min late,8h 56m,
"Mon, 31. Oct 2022",,Landed,KL1700 KLM20H,KLM Royal Dutch Airlines,KL/KLM Amsterdam (AMS / EHAM) 11:00 CET,10:00 UTC 11:14 CET,14min late,,13:10 CET,24min early,1h 56m,
,,,,,,,,,,,,
"Mon, 31. Oct 2022",,Landed,PU301 PUE301,PLUNA,PU/PUA Lima (LIM / SPJC) 11:00 CET,10:00 UTC 11:21 CET,21min late,,16:50 UTC-05,19min early,11h 29m,
"Mon, 31. Oct 2022",,Landed,IB3914 IBS3914,Iberia,IB/IBE Palma de Mallorca (PMI / LEPA) 11:15 CET,10:15 UTC 11:33 CET,18min late,,12:25 CET,14min early,51m,
"Mon, 31. Oct 2022",,Landed,UA50 UAL50,United Airlines,UA/UAL New York (EWR / KEWR) 11:15 CET,10:15 UTC 13:06 CET,1h 51min late,,16:23 EDT,1h 8min late,8h 16m,
"Mon, 31. Oct 2022",,Landed,FR1623 RYR1623,Ryanair,FR/RYR Vienna (VIE / LOWW) 11:15 CET,10:15 UTC 11:57 CET,42min late,,14:22 CET,12min late,2h 25m,
"Mon, 31. Oct 2022",,Landed,IB8962 ANE29HN,Iberia,IB/IBE Mahon (MAH / LEMH) 11:15 CET,10:15 UTC 11:30 CET,15min late,,12:35 CET,9min early,1h 5m,
,,,,,,,,,,,,
"Mon, 31. Oct 2022",,Landed,IB3300 IBE3300,Iberia,IB/IBE Casablanca (CMN / GMMN) 11:15 CET,10:15 UTC 11:32 CET,17min late,,13:02 UTC+01,2min early,1h 30m,
"Mon, 31. Oct 2022",,Landed,AM2 AMX002,Aeroméxico,AM/AMX Mexico City (MEX / MMMX) 11:20 CET,10:20 UTC 11:50 CET,30min late,,16:22 CST,12min early,11h 32m,
"Mon, 31. Oct 2022",,Landed,IB3808 IBS3808,Iberia Express,I2/IBS Ibiza (IBZ / LEIB) 11:25 CET,10:25 UTC 12:08 CET,43min late,,12:53 CET,13min late,45m,
"Mon, 31. Oct 2022",,Landed,IB3092 IBE30FB,Iberia,IB/IBE Porto (OPO / LPPR) 11:25 CET,10:25 UTC 12:05 CET,40min late,,12:16 WET,31min late,1h 11m,
"Mon, 31. Oct 2022",,Landed,IB3232 IBE32KK,Iberia,IB/IBE Rome (FCO / LIRF) 11:25 CET,10:25 UTC 11:34 CET,9min late,,13:43 CET,11min early,2h 8m,
,,,,,,,,,,,,
"Mon, 31. Oct 2022",,Landed,IB3110 IBE31YZ,Iberia,IB/IBE Lisbon (LIS / LPPT) 11:25 CET,10:25 UTC 11:34 CET,9min late,,11:33 WET,16min early,59m,
"Mon, 31. Oct 2022",,Landed,IB8698 ANE39AZ,Iberia,IB/IBE Bordeaux (BOD / LFBD) 11:25 CET,10:25 UTC 11:40 CET,15min late,,12:30 CET,19min early,50m,
"Mon, 31. Oct 2022",,Landed,IB3270 IBE32MY,Iberia,IB/IBE Hamburg (HAM / EDDH) 11:30 CET,10:30 UTC 11:38 CET,8min late,,13:57 CET,32min early,2h 18m,
"Mon, 31. Oct 2022",,Landed,IB3012 IBE30TG,Iberia,IB/IBE Barcelona (BCN / LEBL) 11:30 CET,10:30 UTC 11:38 CET,8min late,,12:45 CET,4min early,1h 7m,
"Mon, 31. Oct 2022",,Landed,IB488 IBE0488,Iberia,IB/IBE Asturias (OVD / LEAS) 11:30 CET,10:30 UTC 11:39 CET,9min late,,12:29 CET,15min early,50m,
"Mon, 31. Oct 2022",,Landed,IB3270 IBE32MY,Iberia,IB/IBE Hamburg (HAM / EDDH) 11:30 CET,10:30 UTC 11:38 CET,8min late,,13:57 CET,32min early,2h 18m,
"Mon, 31. Oct 2022",,Landed,IB3012 IBE30TG,Iberia,IB/IBE Barcelona (BCN / LEBL) 11:30 CET,10:30 UTC 11:38 CET,8min late,,12:45 CET,4min early,1h 7m,
"Mon, 31. Oct 2022",,Landed,IB488 IBE0488,Iberia,IB/IBE Asturias (OVD / LEAS) 11:30 CET,10:30 UTC 11:39 CET,9min late,,12:29 CET,15min early,50m,
"Mon, 31. Oct 2022",,Landed,IB3856 IBS3856,Iberia,IB/IBE Lanzarote (ACE / GCRR) 11:35 CET,10:35 UTC 12:00 CET,25min late,,14:11 CET,3min early,2h 11m,
"Mon, 31. Oct 2022",,Landed,IB6275 IBE6275,Iberia,IB/IBE Chicago (ORD / KORD) 11:35 CET,10:35 UTC 12:11 CET,36min late,,15:28 CDT,1min early,9h 17m,
,,,,,,,,,,,,
"Mon, 31. Oct 2022",,Landed,IB8290 ANE74TE,Iberia,IB/IBE Melilla (MLN / GEML) 11:35 CET,10:35 UTC 11:53 CET,18min late,,13:19 CET,5min early,1h 25m,
"Mon, 31. Oct 2022",,Landed,IB3730 IBS37UC,Iberia,IB/IBE Copenhagen (CPH / EKCH) 11:35 CET,10:35 UTC 11:55 CET,20min late,,14:29 CET,20min early,2h 34m,
"Mon, 31. Oct 2022",,Landed,U28276 EZY62CU,easyJet,U2/EZY London (LGW / EGKK) 11:35 CET,10:35 UTC 12:20 CET,45min late,,13:14 GMT,14min late,1h 54m,
"Mon, 31. Oct 2022",,Landed,IB8738 ANE68YA,Iberia,IB/IBE Toulouse (TLS / LFBO) 11:35 CET,10:35 UTC 11:48 CET,13min late,,12:45 CET,9min early,56m,
"Mon, 31. Oct 2022",,Landed,IB6501 IBE6501,Iberia,IB/IBE Santo Domingo (SDQ / MDSD) 11:35 CET,10:35 UTC 12:02 CET,27min late,,15:41 AST,1min late,8h 39m,
,,,,,,,,,,,,
"Mon, 31. Oct 2022",,Landed,IB3406 IBE34PW,Iberia,IB/IBE Paris (ORY / LFPO) 11:35 CET,10:35 UTC 11:44 CET,9min late,,13:20 CET,19min early,1h 35m,
"Mon, 31. Oct 2022",,Landed,IB3950 IBS3950,Iberia,IB/IBE Seville (SVQ / LEZL) 11:35 CET,10:35 UTC 11:58 CET,23min late,,12:43 CET,1min early,44m,
"Mon, 31. Oct 2022",,Landed,IB8980 ANE97ZQ,Iberia,IB/IBE A Coruna (LCG / LECO) 11:35 CET,10:35 UTC 12:01 CET,26min late,,13:01 CET,6min late,1h,
"Mon, 31. Oct 2022",,Landed,IB6123 IBE6123,Iberia,IB/IBE Miami (MIA / KMIA) 11:40 CET,10:40 UTC 12:19 CET,39min late,,17:06 EDT,21min late,9h 47m,
"Mon, 31. Oct 2022",,Landed,IB410 IBE04MA,Iberia,IB/IBE Jerez (XRY / LEJR) 11:40 CET,10:40 UTC 12:11 CET,31min late,,13:07 CET,12min late,55m,
,,,,,,,,,,,,
"Mon, 31. Oct 2022",,Landed,VY1501 VLG4HN,Vueling,VY/VLG Florence (FLR / LIRQ) 11:40 CET,10:40 UTC 11:48 CET,8min late,,13:48 CET,6min early,2h,
"Mon, 31. Oct 2022",,Landed,IB3910 IBS39NM,Iberia,IB/IBE Tenerife (TFS / GCTS) 11:40 CET,10:40 UTC 12:13 CET,33min late,,13:55 WET,5min late,2h 41m,
"Mon, 31. Oct 2022",,Landed,IB8946 ANE54JR,Iberia,IB/IBE Malaga (AGP / LEMG) 11:40 CET,10:40 UTC 12:08 CET,28min late,,12:57 CET,2min late,49m,
"Mon, 31. Oct 2022",,Landed,AZ61 ITY061,Alitalia,AZ/AZA Rome (FCO / LIRF) 11:40 CET,10:40 UTC 12:02 CET,22min late,,13:51 CET,18min early,1h 49m,
"Mon, 31. Oct 2022",,Landed,IB426 IBE04TL,Iberia,IB/IBE Bilbao (BIO / LEBB) 11:45 CET,10:45 UTC 12:05 CET,20min late,,12:48 CET,1min early,42m,
,,,,,,,,,,,,
"Mon, 31. Oct 2022",,Landed,IB8318 ANE29WP,Iberia,IB/IBE Castellon de la Plana (CDT / LECN) 11:45 CET,10:45 UTC 11:57 CET,12min late,,12:38 CET,21min early,40m,
"Mon, 31. Oct 2022",,Landed,IB3708 IBS37DV,Iberia Express,I2/IBS Naples (NAP / LIRN) 11:45 CET,10:45 UTC 12:06 CET,21min late,,14:16 CET,8min early,2h 10m,
"Mon, 31. Oct 2022",,Landed,IB8932 ANE12GB,Iberia,IB/IBE Granada (GRX / LEGR) 11:50 CET,10:50 UTC 12:14 CET,24min late,,12:58 CET,1min early,43m,
"Mon, 31. Oct 2022",,Landed,EI593 EIN5KE,Aer Lingus,EI/EIN Dublin (DUB / EIDW) 11:50 CET,10:50 UTC 12:22 CET,32min late,,13:25 GMT,9min early,2h 2m,
"Mon, 31. Oct 2022",,Landed,UX9118 AEA74FQ,Air Europa,UX/AEA Tenerife (TFN / GCXO) 11:50 CET,10:50 UTC 12:15 CET,25min late,,13:44 WET,on time,2h 29m,
,,,,,,,,,,,,
"Mon, 31. Oct 2022",,Landed,FR5430 RYR6U,Ryanair,FR/RYR Palma de Mallorca (PMI / LEPA) 11:50 CET,10:50 UTC 12:09 CET,19min late,,13:13 CET,6min early,1h 4m,
"Mon, 31. Oct 2022",,Landed,IB6453 IBE6453,Iberia,IB/IBE Quito (UIO / SEQM) 11:50 CET,10:50 UTC 22:23 CET,10h 33min late,,16:39 UTC-05,20min early,16m,
"Mon, 31. Oct 2022",,Landed,IB6845 IBE6845,Iberia,IB/IBE Buenos Aires (EZE / SAEZ) 11:55 CET,10:55 UTC 12:33 CET,38min late,,20:58 UTC-03,8min late,12h 25m,
"Mon, 31. Oct 2022",,Landed,IB3308 IBE3308,Iberia,IB/IBE Algiers (ALG / DAAG) 11:55 CET,10:55 UTC 12:12 CET,17min late,,13:19 CET,15min early,1h 7m,
"Mon, 31. Oct 2022",,Landed,TK1858 THY8ZU,Turkish Airlines,TK/THY Istanbul (IST / LTFM) 11:55 CET,10:55 UTC 12:28 CET,33min late,,18:11 UTC+03,6min late,3h 43m,
"Mon, 31. Oct 2022",,Landed,TK1858 THY8ZU,Turkish Airlines,TK/THY Istanbul (IST / LTFM) 11:55 CET,10:55 UTC 12:28 CET,33min late,,18:11 UTC+03,6min late,3h 43m,
"Mon, 31. Oct 2022",,Landed,IB3308 IBE3308,Iberia,IB/IBE Algiers (ALG / DAAG) 11:55 CET,10:55 UTC 12:12 CET,17min late,,13:19 CET,15min early,1h 7m,
"Mon, 31. Oct 2022",,Landed,IB6845 IBE6845,Iberia,IB/IBE Buenos Aires (EZE / SAEZ) 11:55 CET,10:55 UTC 12:33 CET,38min late,,20:58 UTC-03,8min late,12h 25m,
"Mon, 31. Oct 2022",,Landed,IB506 IBE05LW,Iberia,IB/IBE San Sebastian (EAS / LESO) 11:55 CET,10:55 UTC 12:13 CET,18min late,,12:53 CET,6min early,40m,
"Mon, 31. Oct 2022",,Landed,BA459 BAW45EM,British Airways,BA/BAW London (LHR / EGLL) 12:00 CET,11:00 UTC 12:19 CET,19min late,,13:05 GMT,24min early,1h 46m,
,,,,,,,,,,,,
"Mon, 31. Oct 2022",,Landed,IB8860 ANE10VJ,Iberia,IB/IBE Alicante (ALC / LEAL) 12:00 CET,11:00 UTC 12:19 CET,19min late,,13:00 CET,9min early,40m,
"Mon, 31. Oct 2022",,Landed,IB3148 IBE31MM,Iberia,IB/IBE Prague (PRG / LKPR) 12:05 CET,11:05 UTC 12:16 CET,11min late,,14:34 CET,25min early,2h 18m,
"Mon, 31. Oct 2022",,Landed,IB6317 IBE6317,Iberia,IB/IBE San Jose (SJO / MROC) 12:05 CET,11:05 UTC 13:26 CET,1h 21min late,,17:17 CST,52min late,10h 50m,
"Mon, 31. Oct 2022",,Landed,LH1801 DLH46E,Lufthansa,LH/DLH Munich (MUC / EDDM) 12:05 CET,11:05 UTC 12:34 CET,29min late,,14:26 CET,18min early,1h 52m,
"Mon, 31. Oct 2022",,Landed,IB6341 IBE6341,Iberia,IB/IBE Guatemala City (GUA / MGGT) 12:10 CET,11:10 UTC 12:42 CET,32min late,,16:59 CST,on time,11h 17m,
,,,,,,,,,,,,
"Mon, 31. Oct 2022",,Landed,TP1027 TAP1027,TAP - Air Portugal,TP/TAP Lisbon (LIS / LPPT) 12:10 CET,11:10 UTC 12:28 CET,18min late,,12:28 WET,1min early,1h,
"Mon, 31. Oct 2022",,Landed,RO416 ROT416Z,TAROM,RO/ROT Bucharest (OTP / LROP) 12:15 CET,11:15 UTC 12:23 CET,8min late,,16:48 EET,16min early,3h 24m,
"Mon, 31. Oct 2022",,Landed,IB6585 IBE6585,Iberia,IB/IBE Bogota (BOG / SKBO) 12:15 CET,11:15 UTC 12:39 CET,24min late,,16:24 UTC-05,15min early,9h 45m,
"Mon, 31. Oct 2022",,Landed,LY396 ELY396,El Al Israel Airlines,LY/ELY Tel Aviv (TLV / LLBG) 12:15 CET,11:15 UTC 12:36 CET,21min late,,18:05 IST,15min late,4h 28m,
"Mon, 31. Oct 2022",,Landed,PU221 PUE221,PLUNA,PU/PUA Bogota (BOG / SKBO) 12:20 CET,11:20 UTC 12:48 CET,28min late,,16:46 UTC-05,6min late,9h 58m,
,,,,,,,,,,,,
"Mon, 31. Oct 2022",,Landed,IB3946 IBS39QV,Iberia Express,I2/IBS Tenerife (TFN / GCXO) 12:20 CET,11:20 UTC 12:25 CET,5min late,,13:58 WET,16min early,2h 33m,
"Mon, 31. Oct 2022",,Landed,IB3906 IBS3906,Iberia Express,I2/IBS Fuerteventura (FUE / GCFV) 12:20 CET,11:20 UTC 12:27 CET,7min late,,13:41 WET,28min early,2h 14m,
"Mon, 31. Oct 2022",,Landed,DY1719 NOZ1719,Norwegian Air Shuttle,DY/NAX Oslo (OSL / ENGM) 12:20 CET,11:20 UTC 12:51 CET,31min late,,16:03 CET,3min late,3h 12m,
"Mon, 31. Oct 2022",,Landed,IB3830 IBS3830,Iberia,IB/IBE Las Palmas (LPA / GCLP) 12:25 CET,11:25 UTC 12:34 CET,9min late,,14:04 WET,20min early,2h 29m,
"Mon, 31. Oct 2022",,Landed,IB3014 IBE30LP,Iberia,IB/IBE Barcelona (BCN / LEBL) 12:25 CET,11:25 UTC 12:41 CET,16min late,,13:32 CET,12min early,51m,
,,,,,,,,,,,,
"Mon, 31. Oct 2022",,Landed,AF1301 AFR72UR,Air France,AF/AFR Paris (CDG / LFPG) 12:25 CET,11:25 UTC 12:45 CET,20min late,,14:17 CET,17min early,1h 32m,
"Mon, 31. Oct 2022",,Landed,IB6251 IBE6251,Iberia,IB/IBE New York (JFK / KJFK) 12:30 CET,11:30 UTC 12:54 CET,24min late,,16:06 EDT,1min late,8h 12m,
"Mon, 31. Oct 2022",,Landed,SN3722 BEL39N,Brussels Airlines,SN/BEL Brussels (BRU / EBBR) 12:35 CET,11:35 UTC 12:51 CET,16min late,,14:52 CET,3min early,2h 1m,
"Mon, 31. Oct 2022",,Landed,IB8678 ANE23YJ,Iberia,IB/IBE Geneva (GVA / LSGG) 12:40 CET,11:40 UTC 12:57 CET,17min late,,14:21 CET,18min early,1h 24m,
"Mon, 31. Oct 2022",,Landed,AA37 AAL37,American Airlines,AA/AAL Dallas (DFW / KDFW) 12:40 CET,11:40 UTC 13:09 CET,29min late,,17:19 CDT,4min early,10h 9m,
,,,,,,,,,,,,
"Mon, 31. Oct 2022",,Landed,FR2759 RYR3QE,Ryanair,FR/RYR Milan (MXP / LIMC) 12:45 CET,11:45 UTC 13:00 CET,15min late,,14:38 CET,16min early,1h 38m,
"Mon, 31. Oct 2022",,Landed,IB8296 ANE24NU,Iberia,IB/IBE Melilla (MLN / GEML) 12:45 CET,11:45 UTC 13:00 CET,15min late,,14:27 CET,7min early,1h 26m,
"Mon, 31. Oct 2022",,Landed,V72273 VOE31SP,Volotea Airlines,V7/VOE Nantes (NTE / LFRS) 12:55 CET,11:55 UTC 13:42 CET,47min late,,14:53 CET,13min late,1h 10m,
"Mon, 31. Oct 2022",,Landed,UX6025 AEA6025,Air Europa,UX/AEA Ibiza (IBZ / LEIB) 12:55 CET,11:55 UTC 13:08 CET,13min late,,13:58 CET,11min early,50m,
"Mon, 31. Oct 2022",,Landed,AA741 AAL741,American Airlines,AA/AAL Philadelphia (PHL / KPHL) 13:00 CET,12:00 UTC 13:16 CET,16min late,,16:20 EDT,7min late,8h 4m,
"Mon, 31. Oct 2022",,Landed,KL1702 KLM18C,KLM Royal Dutch Airlines,KL/KLM Amsterdam (AMS / EHAM) 13:00 CET,12:00 UTC 13:39 CET,39min late,,15:28 CET,6min early,1h 49m,
"Mon, 31. Oct 2022",,Landed,AA741 AAL741,American Airlines,AA/AAL Philadelphia (PHL / KPHL) 13:00 CET,12:00 UTC 13:16 CET,16min late,,16:20 EDT,7min late,8h 4m,
"Mon, 31. Oct 2022",,Landed,IB6403 IBE6403,Iberia,IB/IBE Mexico City (MEX / MMMX) 13:05 CET,12:05 UTC 13:30 CET,25min late,,18:22 CST,12min early,11h 51m,
"Mon, 31. Oct 2022",,Landed,A3701 AEE7MA,Aegean Airlines,A3/AEE Athens (ATH / LGAV) 13:15 CET,12:15 UTC 13:35 CET,20min late,,17:37 EET,12min early,3h 2m,
"Mon, 31. Oct 2022",,Landed,IB3176 IBE31GE,Iberia,IB/IBE London (LHR / EGLL) 13:20 CET,12:20 UTC 13:27 CET,7min late,,14:37 GMT,17min early,2h 9m,
,,,,,,,,,,,,
"Mon, 31. Oct 2022",,Landed,AA8630,American Airlines,AA/AAL London (LHR / EGLL) 13:20 CET,12:20 UTC 13:25 CET,5min late,,14:47 GMT,7min early,2h 22m,
"Mon, 31. Oct 2022",,Landed,PC1100 PGT2ZJ,Pegasus,PC/PGT Istanbul (SAW / LTFJ) 13:25 CET,12:25 UTC 13:41 CET,16min late,,19:44 UTC+03,9min late,4h 3m,
"Mon, 31. Oct 2022",,Landed,FR3430 RYR343X,Ryanair,FR/RYR Agadir (AGA / GMAD) 13:30 CET,12:30 UTC 13:59 CET,29min late,,15:53 UTC+01,13min late,1h 54m,
"Mon, 31. Oct 2022",,Landed,LH1113 DLH71F,Lufthansa,LH/DLH Frankfurt (FRA / EDDF) 13:40 CET,12:40 UTC 14:25 CET,45min late,,16:18 CET,3min late,1h 53m,
"Mon, 31. Oct 2022",,Landed,IB6659 IBE6659,Iberia,IB/IBE Lima (LIM / SPJC) 13:40 CET,12:40 UTC 14:00 CET,20min late,,18:59 UTC-05,30min early,10h 58m,
,,,,,,,,,,,,
"Mon, 31. Oct 2022",,Landed,FR5432 RYR1DY,Ryanair,FR/RYR Palma de Mallorca (PMI / LEPA) 13:40 CET,12:40 UTC 13:57 CET,17min late,,14:54 CET,15min early,57m,
"Mon, 31. Oct 2022",,Landed,FR5468 RYR4JU,Ryanair,FR/RYR Fuerteventura (FUE / GCFV) 13:45 CET,12:45 UTC 13:51 CET,6min late,,15:13 WET,16min early,2h 22m,
"Mon, 31. Oct 2022",,Landed,FR5380 RYR63NA,Ryanair,FR/RYR Dublin (DUB / EIDW) 13:50 CET,12:50 UTC 14:53 CET,1h 3min late,,15:57 GMT,27min late,2h 4m,
"Mon, 31. Oct 2022",,Landed,VY1005 VLG5XN,Vueling,VY/VLG Barcelona (BCN / LEBL) 14:00 CET,13:00 UTC 14:37 CET,37min late,,15:26 CET,11min late,48m,
"Mon, 31. Oct 2022",,Landed,FR6723 RYR81DK,Ryanair,FR/RYR Marseille (MRS / LFML) 14:00 CET,13:00 UTC 14:30 CET,30min late,,15:51 CET,6min late,1h 20m,
,,,,,,,,,,,,
"Mon, 31. Oct 2022",,Landed,FR1969 RYR2FW,Ryanair,FR/RYR Warsaw (WMI / EPMO) 14:05 CET,13:05 UTC 14:27 CET,22min late,,17:19 CET,20min early,2h 52m,
"Mon, 31. Oct 2022",,Landed,UX1029 AEA93FE,Air Europa,UX/AEA Paris (ORY / LFPO) 14:10 CET,13:10 UTC 14:23 CET,13min late,,15:47 CET,17min early,1h 23m,
"Mon, 31. Oct 2022",,Landed,FR9472 RYR6KZ,Ryanair,FR/RYR Pisa (PSA / LIRP) 14:25 CET,13:25 UTC 14:36 CET,11min late,,16:16 CET,18min early,1h 40m,
"Mon, 31. Oct 2022",,Landed,EK142 UAE51P,Emirates,EK/UAE Dubai (DXB / OMDB) 14:25 CET,13:25 UTC 15:08 CET,43min late,,00:38 UTC+04,13min late,6h 29m,
"Mon, 31. Oct 2022",,Landed,TK1358 THY7NL,Turkish Airlines,TK/THY Istanbul (IST / LTFM) 14:25 CET,13:25 UTC 14:45 CET,20min late,,20:29 UTC+03,5min early,3h 43m,
,,,,,,,,,,,,
"Mon, 31. Oct 2022",,Landed,IB3442 IBE34WV,Iberia,IB/IBE Paris (ORY / LFPO) 14:30 CET,13:30 UTC 14:42 CET,12min late,,16:15 CET,19min early,1h 33m,
"Mon, 31. Oct 2022",,Landed,2W2501 WFL2501,Welcome Air,2W/WLC Cancun (CUN / MMUN) 14:30 CET,13:30 UTC 17:37 CET,3h 7min late,,18:51 EST,28min early,7h 13m,
"Mon, 31. Oct 2022",,Landed,FR6753 RYR6XV,Ryanair,FR/RYR Bucharest (OTP / LROP) 14:30 CET,13:30 UTC 15:19 CET,49min late,,19:37 EET,22min late,3h 18m,
"Mon, 31. Oct 2022",,Landed,FR2948 RYR8MC,Ryanair,FR/RYR Brussels (BRU / EBBR) 14:35 CET,13:35 UTC 14:53 CET,18min late,,16:38 CET,21min early,1h 45m,
"Mon, 31. Oct 2022",,Landed,UX6067 AEA19GV,Air Europa,UX/AEA Palma de Mallorca (PMI / LEPA) 14:35 CET,13:35 UTC 15:01 CET,26min late,,15:58 CET,3min late,57m,
,,,,,,,,,,,,
"Mon, 31. Oct 2022",,Landed,FR6735 RYR2TF,Ryanair,FR/RYR Eindhoven (EIN / EHEH) 14:35 CET,13:35 UTC 14:54 CET,19min late,,16:48 CET,21min early,1h 54m,
"Mon, 31. Oct 2022",,Landed,IB3828 IBS38TJ,Iberia,IB/IBE Las Palmas (LPA / GCLP) 14:40 CET,13:40 UTC 14:51 CET,11min late,,16:23 WET,16min early,2h 32m,
"Mon, 31. Oct 2022",,Landed,FR568 RYR7FL,Ryanair,FR/RYR Las Palmas (LPA / GCLP) 14:45 CET,13:45 UTC 14:55 CET,10min late,,16:27 WET,17min early,2h 31m,
"Mon, 31. Oct 2022",,Landed,AV11 AVA011,Avianca,AV/AVA Bogota (BOG / SKBO) 14:45 CET,13:45 UTC 15:05 CET,20min late,,18:31 UTC-05,43min early,9h 26m,
"Mon, 31. Oct 2022",,Landed,IB3172 IBE31HF,Iberia,IB/IBE London (LHR / EGLL) 14:45 CET,13:45 UTC 15:08 CET,24h 23min late,,15:53 GMT,23h 33min late,1h 44m,
"Mon, 31. Oct 2022",,Landed,AV11 AVA011,Avianca,AV/AVA Bogota (BOG / SKBO) 14:45 CET,13:45 UTC 15:05 CET,20min late,,18:31 UTC-05,43min early,9h 26m,
"Mon, 31. Oct 2022",,Landed,FR568 RYR7FL,Ryanair,FR/RYR Las Palmas (LPA / GCLP) 14:45 CET,13:45 UTC 14:55 CET,10min late,,16:27 WET,17min early,2h 31m,
"Mon, 31. Oct 2022",,Landed,ME242 MEA242,MEA - Middle East Airlines,ME/MEA Beirut (BEY / OLBA) 14:45 CET,13:45 UTC 15:11 CET,26min late,,20:33 EET,18min late,4h 22m,
"Mon, 31. Oct 2022",,Landed,AA8633,American Airlines,AA/AAL London (LHR / EGLL) 14:45 CET,13:45 UTC 14:51 CET,6min late,,16:12 GMT,7min early,2h 21m,
"Mon, 31. Oct 2022",,Landed,IB3172 IBE31HF,Iberia,IB/IBE London (LHR / EGLL) 14:45 CET,13:45 UTC 15:08 CET,24h 23min late,,15:53 GMT,23h 33min late,1h 44m,
,,,,,,,,,,,,
"Mon, 31. Oct 2022",,Landed,FR6709 RYR9FV,Ryanair,FR/RYR Budapest (BUD / LHBP) 14:45 CET,13:45 UTC 15:06 CET,21min late,,17:46 CET,13min early,2h 40m,
"Mon, 31. Oct 2022",,Landed,MS754 MSR754,EgyptAir,MS/MSR Cairo (CAI / HECA) 14:50 CET,13:50 UTC 15:35 CET,45min late,,20:57 EET,22min late,4h 22m,
"Mon, 31. Oct 2022",,Landed,IB3940 IBS39WV,Iberia,IB/IBE Tenerife (TFN / GCXO) 14:50 CET,13:50 UTC 14:53 CET,3min late,,16:29 WET,15min early,2h 36m,
"Mon, 31. Oct 2022",,Landed,UX1155 AEA97FC,Air Europa,UX/AEA Lisbon (LIS / LPPT) 14:55 CET,13:55 UTC 16:13 CET,1h 18min late,,16:17 WET,1h 2min late,1h 3m,
"Mon, 31. Oct 2022",,Landed,UX1671 AEA86ZZ,Air Europa,UX/AEA Zurich (ZRH / LSZH) 14:55 CET,13:55 UTC 15:47 CET,52min late,,17:31 CET,21min late,1h 43m,
,,,,,,,,,,,,
"Mon, 31. Oct 2022",,Landed,TP1015 TAP15RE,TAP - Air Portugal,TP/TAP Lisbon (LIS / LPPT) 14:55 CET,13:55 UTC 17:00 CET,2h 5min late,,17:03 WET,1h 48min late,1h 3m,
"Mon, 31. Oct 2022",,Landed,IB3016 IBE30RT,Iberia,IB/IBE Barcelona (BCN / LEBL) 14:55 CET,13:55 UTC 15:37 CET,42min late,,16:30 CET,20min late,53m,
"Mon, 31. Oct 2022",,Landed,UX1517 AEA1517,Air Europa,UX/AEA Munich (MUC / EDDM) 15:00 CET,14:00 UTC 15:50 CET,50min late,,17:47 CET,12min late,1h 57m,
"Mon, 31. Oct 2022",,Landed,UX9048 AEA23UV,Air Europa,UX/AEA Tenerife (TFN / GCXO) 15:00 CET,14:00 UTC 16:22 CET,1h 22min late,,17:59 WET,1h 4min late,2h 36m,
"Mon, 31. Oct 2022",,Landed,UX1143 AEA37AP,Air Europa,UX/AEA Porto (OPO / LPPR) 15:00 CET,14:00 UTC 15:33 CET,33min late,,15:31 WET,16min late,58m,
,,,,,,,,,,,,
"Mon, 31. Oct 2022",,Landed,E9813 EVE813,Evelop Airlines,E9/EVE Cancun (CUN / MMUN) 15:00 CET,14:00 UTC 15:28 CET,28min late,,19:46 EST,26min late,10h 18m,
"Mon, 31. Oct 2022",,Landed,UX1015 AEA45RJ,Air Europa,UX/AEA London (LGW / EGKK) 15:00 CET,14:00 UTC 15:12 CET,12min late,,16:00 GMT,24min early,1h 47m,
"Mon, 31. Oct 2022",,Landed,UX1047 AEA1047,Air Europa,UX/AEA Rome (FCO / LIRF) 15:00 CET,14:00 UTC 15:33 CET,33min late,,17:27 CET,2min late,1h 54m,
"Mon, 31. Oct 2022",,Landed,UX5039 AEA5039,Air Europa,UX/AEA Malaga (AGP / LEMG) 15:00 CET,14:00 UTC 15:12 CET,12min late,,16:03 CET,11min early,51m,
"Mon, 31. Oct 2022",,Landed,UX1093 AEA78ZQ,Air Europa,UX/AEA Amsterdam (AMS / EHAM) 15:00 CET,14:00 UTC 15:43 CET,43min late,,17:43 CET,8min late,1h 59m,
,,,,,,,,,,,,
"Mon, 31. Oct 2022",,Landed,UX7153 AEA7153,Air Europa,UX/AEA Bilbao (BIO / LEBB) 15:00 CET,14:00 UTC 15:08 CET,8min late,,15:44 CET,15min early,36m,
"Mon, 31. Oct 2022",,Landed,UX9164 AEA9164,Air Europa,UX/AEA Las Palmas (LPA / GCLP) 15:05 CET,14:05 UTC 15:20 CET,15min late,,16:43 WET,16min early,2h 23m,
"Mon, 31. Oct 2022",,Landed,UX7300 AEA16EV,Air Europa,UX/AEA Vigo (VGO / LEVX) 15:05 CET,14:05 UTC 15:35 CET,30min late,,16:28 CET,18min late,53m,
"Mon, 31. Oct 2022",,Landed,UX7703 AEA81ML,Air Europa,UX/AEA Barcelona (BCN / LEBL) 15:10 CET,14:10 UTC 15:31 CET,21min late,,16:23 CET,11min early,52m,
"Mon, 31. Oct 2022",,Landed,UX1061 AEA47AQ,Air Europa,UX/AEA Milan (MXP / LIMC) 15:10 CET,14:10 UTC 15:25 CET,15min late,,16:57 CET,17min early,1h 32m,
,,,,,,,,,,,,
"Mon, 31. Oct 2022",,Landed,UX1509 AEA1509,Air Europa,UX/AEA Frankfurt (FRA / EDDF) 15:10 CET,14:10 UTC 16:31 CET,1h 21min late,,18:36 CET,46min late,2h 5m,
"Mon, 31. Oct 2022",,Landed,UX7235 AEA7235,Air Europa,UX/AEA A Coruna (LCG / LECO) 15:10 CET,14:10 UTC 15:13 CET,3min late,,16:11 CET,8min early,57m,
"Mon, 31. Oct 2022",,Landed,QR150 QTR28P,Qatar Airways,QR/QTR Doha (DOH / OTHH) 15:10 CET,14:10 UTC 15:44 CET,34min late,,00:06 UTC+03,11min late,6h 21m,
"Mon, 31. Oct 2022",,Landed,UX193 AEA193,Air Europa,UX/AEA Bogota (BOG / SKBO) 15:15 CET,14:15 UTC 15:47 CET,32min late,,19:24 UTC-05,10min early,9h 36m,
"Mon, 31. Oct 2022",,Landed,UX1173 AEA1173,Air Europa,UX/AEA Brussels (BRU / EBBR) 15:15 CET,14:15 UTC 15:58 CET,43min late,,17:45 CET,5min late,1h 46m,
"Mon, 31. Oct 2022",,Landed,UX193 AEA193,Air Europa,UX/AEA Bogota (BOG / SKBO) 15:15 CET,14:15 UTC 15:47 CET,32min late,,19:24 UTC-05,10min early,9h 36m,
"Mon, 31. Oct 2022",,Landed,UX4049 AEA4049,Air Europa,UX/AEA Alicante (ALC / LEAL) 15:15 CET,14:15 UTC 15:28 CET,13min late,,16:05 CET,14min early,37m,
"Mon, 31. Oct 2022",,Landed,UX1173 AEA1173,Air Europa,UX/AEA Brussels (BRU / EBBR) 15:15 CET,14:15 UTC 15:58 CET,43min late,,17:45 CET,5min late,1h 46m,
"Mon, 31. Oct 2022",,Landed,PC7040 PGT3WY,Pegasus,PC/PGT Istanbul (SAW / LTFJ) 15:20 CET,14:20 UTC 15:38 CET,18min late,,21:36 UTC+03,6min late,3h 57m,
"Mon, 31. Oct 2022",,Landed,UX4065 AEA4065,Air Europa,UX/AEA Valencia (VLC / LEVC) 15:20 CET,14:20 UTC 15:51 CET,31min late,,16:22 CET,2min late,31m,
,,,,,,,,,,,,
"Mon, 31. Oct 2022",,Landed,IB8240 ANE35JG,Iberia,IB/IBE Strasbourg (SXB / LFST) 15:25 CET,14:25 UTC 15:22 CET,2min early,,17:18 CET,16min early,1h 56m,
"Mon, 31. Oct 2022",,Landed,LO434 LOT4MC,LOT - Polish Airlines,LO/LOT Warsaw (WAW / EPWA) 15:30 CET,14:30 UTC 15:53 CET,23min late,,18:58 CET,11min early,3h 4m,
"Mon, 31. Oct 2022",,Landed,LH1803 DLH96N,Lufthansa,LH/DLH Munich (MUC / EDDM) 15:30 CET,14:30 UTC 15:59 CET,29min late,,18:12 CET,2min late,2h 12m,
"Mon, 31. Oct 2022",,Landed,FR2847 RYR43MQ,Ryanair,FR/RYR Tenerife (TFS / GCTS) 15:35 CET,14:35 UTC 16:27 CET,52min late,,18:06 WET,26min late,2h 39m,
"Mon, 31. Oct 2022",,Landed,UX51 AEA051,Air Europa,UX/AEA Havana (HAV / MUHA) 15:35 CET,14:35 UTC 15:52 CET,17min late,,20:51 CDT,6min late,9h 59m,
,,,,,,,,,,,,
"Mon, 31. Oct 2022",,Landed,FR4409 RYR8LX,Ryanair,FR/RYR Paris (BVA / LFOB) 15:35 CET,14:35 UTC 16:03 CET,28min late,,17:34 CET,10min early,1h 31m,
"Mon, 31. Oct 2022",,Landed,IB3102 IBE31PE,Iberia,IB/IBE Lisbon (LIS / LPPT) 15:40 CET,14:40 UTC 15:37 CET,2min early,,17:07 WET,1h 7min late,2h 29m,
"Mon, 31. Oct 2022",,Landed,IB3486 IBE34ST,Iberia,IB/IBE Geneva (GVA / LSGG) 15:40 CET,14:40 UTC 15:44 CET,4min late,,17:21 CET,18min early,1h 36m,
"Mon, 31. Oct 2022",,Landed,IB3094 IBE30BD,Iberia,IB/IBE Porto (OPO / LPPR) 15:40 CET,14:40 UTC 15:50 CET,10min late,,15:46 WET,13min early,56m,
"Mon, 31. Oct 2022",,Landed,IB3236 IBE32GC,Iberia,IB/IBE Rome (FCO / LIRF) 15:45 CET,14:45 UTC 16:01 CET,16min late,,17:59 CET,15min early,1h 58m,
,,,,,,,,,,,,
"Mon, 31. Oct 2022",,Landed,IB476 IBE0476,Iberia,IB/IBE Asturias (OVD / LEAS) 15:45 CET,14:45 UTC 16:24 CET,39min late,,17:19 CET,19min late,54m,
"Mon, 31. Oct 2022",,Landed,IB3840 IBS38KY,Iberia,IB/IBE La Palma (SPC / GCLA) 15:45 CET,14:45 UTC 15:59 CET,14min late,,17:45 WET,4min early,2h 46m,
"Mon, 31. Oct 2022",,Landed,IB524 IBE05ED,Iberia,IB/IBE A Coruna (LCG / LECO) 15:45 CET,14:45 UTC 15:54 CET,9min late,,17:02 CET,2min early,1h 8m,
"Mon, 31. Oct 2022",,Landed,IB3878 IBS38JB,Iberia Express,I2/IBS Santiago (SCQ / LEST) 15:45 CET,14:45 UTC 15:56 CET,11min late,,16:57 CET,7min early,1h 1m,
"Mon, 31. Oct 2022",,Landed,IB3912 IBS39FG,Iberia,IB/IBE Palma de Mallorca (PMI / LEPA) 15:45 CET,14:45 UTC 16:02 CET,17min late,,16:59 CET,10min early,57m,
,,,,,,,,,,,,
"Mon, 31. Oct 2022",,Landed,IB534 IBE05VM,Iberia,IB/IBE Vigo (VGO / LEVX) 15:45 CET,14:45 UTC 16:09 CET,24min late,,17:16 CET,11min late,1h 6m,
"Mon, 31. Oct 2022",,Landed,IB556 IBE05ZR,Iberia,IB/IBE Santander (SDR / LEXJ) 15:50 CET,14:50 UTC 15:55 CET,5min late,,16:41 CET,18min early,46m,
"Mon, 31. Oct 2022",,Landed,IB8920 ANE57HC,Iberia,IB/IBE Almeria (LEI / LEAM) 15:50 CET,14:50 UTC 16:05 CET,15min late,,17:03 CET,1min early,58m,
"Mon, 31. Oct 2022",,Landed,IB3804 IBS3804,Iberia,IB/IBE Ibiza (IBZ / LEIB) 15:50 CET,14:50 UTC 16:14 CET,24min late,,17:02 CET,2min early,47m,
"Mon, 31. Oct 2022",,Landed,IB6149 IBE6149,Iberia,IB/IBE Dallas (DFW / KDFW) 15:50 CET,14:50 UTC 16:33 CET,43min late,,21:33 CDT,3min late,11h,
,,,,,,,,,,,,
"Mon, 31. Oct 2022",,Landed,IB3166 IBE31WL,Iberia,IB/IBE London (LHR / EGLL) 15:50 CET,14:50 UTC 16:02 CET,12min late,,16:54 GMT,20min early,1h 52m,
"Mon, 31. Oct 2022",,Landed,IB3724 IBS3724,Iberia,IB/IBE Amsterdam (AMS / EHAM) 15:50 CET,14:50 UTC 15:53 CET,3min late,,18:05 CET,24min early,2h 12m,
"Mon, 31. Oct 2022",,Landed,AA8634,American Airlines,AA/AAL London (LHR / EGLL) 15:50 CET,14:50 UTC 15:50 CET,on time,,17:05 GMT,9min early,2h 15m,
"Mon, 31. Oct 2022",,Landed,IB8690 ANE61SY,Iberia,IB/IBE Nantes (NTE / LFRS) 15:55 CET,14:55 UTC 16:06 CET,11min late,,17:28 CET,6min early,1h 21m,
"Mon, 31. Oct 2022",,Landed,IB8862 ANE66JY,Iberia,IB/IBE Alicante (ALC / LEAL) 15:55 CET,14:55 UTC 16:11 CET,16min late,,16:57 CET,7min early,46m,
"Mon, 31. Oct 2022",,Landed,IB8690 ANE61SY,Iberia,IB/IBE Nantes (NTE / LFRS) 15:55 CET,14:55 UTC 16:06 CET,11min late,,17:28 CET,6min early,1h 21m,
"Mon, 31. Oct 2022",,Landed,IB3952 IBS3952,Iberia,IB/IBE Seville (SVQ / LEZL) 15:55 CET,14:55 UTC 15:56 CET,on time,,17:13 CET,8min late,1h 17m,
"Mon, 31. Oct 2022",,Landed,IB8862 ANE66JY,Iberia,IB/IBE Alicante (ALC / LEAL) 15:55 CET,14:55 UTC 16:11 CET,16min late,,16:57 CET,7min early,46m,
"Mon, 31. Oct 2022",,Landed,IB438 IBE0438,Iberia,IB/IBE Bilbao (BIO / LEBB) 15:55 CET,14:55 UTC 16:48 CET,53min late,,17:31 CET,31min late,43m,
"Mon, 31. Oct 2022",,Landed,IB6301 IBE6301,Iberia,IB/IBE San Juan (SJU / TJSJ) 15:55 CET,14:55 UTC 16:15 CET,20min late,,19:40 AST,4min early,8h 24m,
,,,,,,,,,,,,
"Mon, 31. Oct 2022",,Landed,IB3122 IBE31RM,Iberia,IB/IBE Vienna (VIE / LOWW) 16:00 CET,15:00 UTC 16:14 CET,14min late,,18:43 CET,16min early,2h 29m,
"Mon, 31. Oct 2022",,Landed,IB494 IBE04SZ,Iberia,IB/IBE San Sebastian (EAS / LESO) 16:00 CET,15:00 UTC 16:09 CET,9min late,,17:11 CET,6min late,1h 1m,
"Mon, 31. Oct 2022",,Landed,IB8760 ANE91KN,Iberia,IB/IBE Bologna (BLQ / LIPE) 16:00 CET,15:00 UTC 16:06 CET,6min late,,18:06 CET,13min early,2h,
"Mon, 31. Oct 2022",,Landed,IB3672 IBS3672,Iberia Express,I2/IBS Berlin (BER / EDDB) 16:00 CET,15:00 UTC 16:44 CET,44min late,,19:07 CET,2min late,2h 23m,
"Mon, 31. Oct 2022",,Landed,IB3790 IBS37ZV,Iberia Express,I2/IBS Dublin (DUB / EIDW) 16:00 CET,15:00 UTC 16:21 CET,21min late,,17:25 GMT,14min early,2h 4m,
,,,,,,,,,,,,
"Mon, 31. Oct 2022",,Landed,IB8876 ANE31JW,Iberia,IB/IBE Valencia (VLC / LEVC) 16:00 CET,15:00 UTC 16:24 CET,24min late,,16:57 CET,7min early,33m,
"Mon, 31. Oct 2022",,Landed,IB8710 ANE40AD,Iberia,IB/IBE Frankfurt (FRA / EDDF) 16:05 CET,15:05 UTC 16:33 CET,28min late,,18:28 CET,26min early,1h 54m,
"Mon, 31. Oct 2022",,Landed,IB8848 ANE8848,Iberia,IB/IBE Pamplona (PNA / LEPP) 16:10 CET,15:10 UTC 16:21 CET,11min late,,16:59 CET,11min early,37m,
"Mon, 31. Oct 2022",,Landed,IB3192 IBE31CC,Iberia,IB/IBE Munich (MUC / EDDM) 16:10 CET,15:10 UTC 16:20 CET,10min late,,18:29 CET,20min early,2h 8m,
"Mon, 31. Oct 2022",,Landed,IB6117 IBE6117,Iberia,IB/IBE Miami (MIA / KMIA) 16:10 CET,15:10 UTC 16:46 CET,36min late,,21:36 EDT,16min late,9h 50m,
,,,,,,,,,,,,
"Mon, 31. Oct 2022",,Landed,IB3264 IBE32DZ,Iberia,IB/IBE Milan (MXP / LIMC) 16:10 CET,15:10 UTC 16:23 CET,13min late,,18:19 CET,5min early,1h 56m,
"Mon, 31. Oct 2022",,Landed,IB8672 ANE53MK,Iberia,IB/IBE Funchal (FNC / LPMA) 16:10 CET,15:10 UTC 16:20 CET,10min late,,17:39 WET,5min early,2h 18m,
"Mon, 31. Oct 2022",,Landed,UX89 AEA089,Air Europa,UX/AEA Santo Domingo (SDQ / MDSD) 16:15 CET,15:15 UTC 16:41 CET,26min late,,20:19 AST,14min late,8h 38m,
"Mon, 31. Oct 2022",,Landed,IB8730 ANE17RJ,Iberia,IB/IBE Nice (NCE / LFMN) 16:15 CET,15:15 UTC 16:20 CET,5min late,,17:56 CET,13min early,1h 36m,
"Mon, 31. Oct 2022",,Landed,IB3132 IBE31BG,Iberia,IB/IBE Dusseldorf (DUS / EDDL) 16:15 CET,15:15 UTC 16:23 CET,8min late,,18:33 CET,21min early,2h 9m,
,,,,,,,,,,,,
"Mon, 31. Oct 2022",,Landed,IB3244 IBE32LV,Iberia,IB/IBE Venice (VCE / LIPZ) 16:15 CET,15:15 UTC 16:28 CET,13min late,,18:37 CET,7min early,2h 9m,
"Mon, 31. Oct 2022",,Landed,AF1601 AFR75YB,Air France,AF/AFR Paris (CDG / LFPG) 16:20 CET,15:20 UTC 17:47 CET,1h 27min late,,19:10 CET,40min late,1h 23m,
"Mon, 31. Oct 2022",,Landed,IB3342 IBE3342,Iberia,IB/IBE Marrakesh (RAK / GMMX) 16:20 CET,15:20 UTC 16:43 CET,23min late,,18:25 UTC+01,10min late,1h 41m,
"Mon, 31. Oct 2022",,Landed,IB6587 IBE6587,Iberia,IB/IBE Bogota (BOG / SKBO) 16:20 CET,15:20 UTC 16:52 CET,32min late,,20:29 UTC-05,15min early,9h 37m,
"Mon, 31. Oct 2022",,Landed,IB8700 ANE88YB,Iberia,IB/IBE Bordeaux (BOD / LFBD) 16:20 CET,15:20 UTC 16:47 CET,27min late,,17:42 CET,2min early,55m,
,,,,,,,,,,,,
"Mon, 31. Oct 2022",,Landed,IB6253 IBE6253,Iberia,IB/IBE New York (JFK / KJFK) 16:25 CET,15:25 UTC 16:57 CET,32min late,,20:19 EDT,9min late,8h 22m,
"Mon, 31. Oct 2022",,Landed,IB8294 ANE97YE,Iberia,IB/IBE Melilla (MLN / GEML) 16:25 CET,15:25 UTC 16:36 CET,11min late,,18:15 CET,on time,1h 38m,
"Mon, 31. Oct 2022",,Landed,IB3020 IBE30CR,Iberia,IB/IBE Barcelona (BCN / LEBL) 16:30 CET,15:30 UTC 16:39 CET,9min late,,17:43 CET,6min early,1h 4m,
"Mon, 31. Oct 2022",,Landed,IB3474 IBE34BF,Iberia,IB/IBE Zurich (ZRH / LSZH) 16:30 CET,15:30 UTC 16:47 CET,17min late,,18:28 CET,26min early,1h 41m,
"Mon, 31. Oct 2022",,Landed,IB8720 ANE46NN,Iberia,IB/IBE Lyon (LYS / LFLL) 16:35 CET,15:35 UTC 16:41 CET,6min late,,18:15 CET,9min early,1h 34m,
"Mon, 31. Oct 2022",,Landed,U28278 EZY15TH,easyJet,U2/EZY London (LGW / EGKK) 16:35 CET,15:35 UTC 16:50 CET,15min late,,17:53 GMT,6min early,2h 2m,
"Mon, 31. Oct 2022",,Landed,IB3444 IBE34PY,Iberia,IB/IBE Paris (ORY / LFPO) 16:35 CET,15:35 UTC 17:03 CET,28min late,,18:40 CET,on time,1h 37m,
"Mon, 31. Oct 2022",,Landed,IB3944 IBS3944,Iberia Express,I2/IBS Tenerife (TFN / GCXO) 16:35 CET,15:35 UTC 16:44 CET,9min late,,18:22 WET,7min early,2h 38m,
"Mon, 31. Oct 2022",,Landed,IB8720 ANE46NN,Iberia,IB/IBE Lyon (LYS / LFLL) 16:35 CET,15:35 UTC 16:41 CET,6min late,,18:15 CET,9min early,1h 34m,
"Mon, 31. Oct 2022",,Cancelled,LH8349,Lufthansa,LH/DLH Frankfurt (FRA / EDDF) 16:40 CET,15:40 UTC 2h 30m,,,,,,
,,,,,,,,,,,,
"Mon, 31. Oct 2022",,Landed,UX1025 AEA34VL,Air Europa,UX/AEA Paris (ORY / LFPO) 16:40 CET,15:40 UTC 17:19 CET,39min late,,18:51 CET,16min late,1h 32m,
"Mon, 31. Oct 2022",,Landed,IB8750 ANE23UM,Iberia,IB/IBE Marseille (MRS / LFML) 16:40 CET,15:40 UTC 16:46 CET,6min late,,18:14 CET,10min early,1h 27m,
"Mon, 31. Oct 2022",,Landed,IB6405 IBE6405,Iberia,IB/IBE Mexico City (MEX / MMMX) 16:40 CET,15:40 UTC 17:22 CET,42min late,,22:03 CST,11min early,11h 41m,
"Mon, 31. Oct 2022",,Landed,IB3180 IBE31VV,Iberia,IB/IBE London (LHR / EGLL) 16:40 CET,15:40 UTC 16:56 CET,16min late,,18:00 GMT,14min early,2h 4m,
"Mon, 31. Oct 2022",,Landed,IB3214 IBE32YK,Iberia,IB/IBE Brussels (BRU / EBBR) 16:45 CET,15:45 UTC 16:55 CET,10min late,,19:06 CET,3min early,2h 10m,
,,,,,,,,,,,,
"Mon, 31. Oct 2022",,Landed,KL1704 KLM12H,KLM Royal Dutch Airlines,KL/KLM Amsterdam (AMS / EHAM) 16:50 CET,15:50 UTC 17:32 CET,42min late,,19:28 CET,6min early,1h 56m,
"Mon, 31. Oct 2022",,Landed,U27104 EZY61FP,easyJet,U2/EZY Liverpool (LPL / EGGP) 16:50 CET,15:50 UTC 16:59 CET,9min late,,18:10 GMT,14min early,2h 10m,
"Mon, 31. Oct 2022",,Landed,UX33 AEA033,Air Europa,UX/AEA Punta Cana (PUJ / MDPC) 16:55 CET,15:55 UTC 17:15 CET,20min late,,20:48 AST,6min early,8h 32m,
"Mon, 31. Oct 2022",,Landed,U26996 EZY31PC,easyJet,U2/EZY Edinburgh (EDI / EGPH) 17:00 CET,16:00 UTC 17:27 CET,27min late,,18:46 GMT,13min early,2h 18m,
"Mon, 31. Oct 2022",,Landed,IB3316 IBE3316,Iberia,IB/IBE Tel Aviv (TLV / LLBG) 17:00 CET,16:00 UTC 17:16 CET,16min late,,22:46 IST,1min late,4h 29m,
,,,,,,,,,,,,
"Mon, 31. Oct 2022",,Landed,IB468 IBE0468,Iberia,IB/IBE Mahon (MAH / LEMH) 17:00 CET,16:00 UTC 17:13 CET,13min late,,18:18 CET,11min early,1h 5m,
"Mon, 31. Oct 2022",,Landed,LH1115 DLH62H,Lufthansa,LH/DLH Frankfurt (FRA / EDDF) 17:05 CET,16:05 UTC 17:27 CET,22min late,,19:42 CET,2min late,2h 15m,
"Mon, 31. Oct 2022",,Landed,NP7316 NIA7316,Nile Air,NP/NIA Luxor (LXR / HELX) 17:05 CET,16:05 UTC 17:36 CET,31min late,,23:29 EET,19min late,,Estimated 4h 53m
"Mon, 31. Oct 2022",,Landed,UX6079 AEA12ZP,Air Europa,UX/AEA Palma de Mallorca (PMI / LEPA) 17:05 CET,16:05 UTC 17:26 CET,21min late,,18:24 CET,on time,57m,
"Mon, 31. Oct 2022",,Landed,IB3234 IBE32MT,Iberia,IB/IBE Rome (FCO / LIRF) 17:10 CET,16:10 UTC 17:11 CET,1min late,,19:16 CET,23min early,2h 5m,
,,,,,,,,,,,,
"Mon, 31. Oct 2022",,Landed,IB3164 IBE31AT,Iberia,IB/IBE London (LHR / EGLL) 17:15 CET,16:15 UTC 17:56 CET,41min late,,18:53 GMT,3min late,1h 57m,
"Mon, 31. Oct 2022",,Landed,AA8636,American Airlines,AA/AAL London (LHR / EGLL) 17:15 CET,16:15 UTC 17:46 CET,31min late,,19:07 GMT,17min late,2h 21m,
"Mon, 31. Oct 2022",,Landed,IB3254 IBE32RP,Iberia,IB/IBE Milan (LIN / LIML) 17:25 CET,16:25 UTC 17:35 CET,10min late,,19:21 CET,13min early,1h 45m,
"Mon, 31. Oct 2022",,Landed,IB3022 IBE30LT,Iberia,IB/IBE Barcelona (BCN / LEBL) 17:30 CET,16:30 UTC 17:31 CET,1min late,,18:29 CET,15min early,58m,
"Mon, 31. Oct 2022",,Landed,SN3728 BEL1DM,Brussels Airlines,SN/BEL Brussels (BRU / EBBR) 17:35 CET,16:35 UTC 17:37 CET,2min late,,19:48 CET,12min early,2h 11m,
,,,,,,,,,,,,
"Mon, 31. Oct 2022",,Landed,IB3922 IBS39WZ,Iberia Express,I2/IBS Palma de Mallorca (PMI / LEPA) 17:35 CET,16:35 UTC 17:42 CET,7min late,,18:48 CET,6min early,1h 5m,
"Mon, 31. Oct 2022",,Landed,IB3848 IBS38GQ,Iberia,IB/IBE Las Palmas (LPA / GCLP) 17:35 CET,16:35 UTC 17:40 CET,5min late,,19:20 WET,9min early,2h 40m,
"Mon, 31. Oct 2022",,Landed,FR6843 RYR6843,Ryanair,FR/RYR Lanzarote (ACE / GCRR) 17:40 CET,16:40 UTC 18:05 CET,25min late,,20:20 CET,55min late,2h 14m,
"Mon, 31. Oct 2022",,Landed,IB3718 IBS3718,Iberia Express,I2/IBS London (LGW / EGKK) 17:40 CET,16:40 UTC 17:44 CET,4min late,,18:40 GMT,19min early,1h 55m,
"Mon, 31. Oct 2022",,Landed,IB3112 IBE31FK,Iberia,IB/IBE Lisbon (LIS / LPPT) 17:45 CET,16:45 UTC 17:58 CET,13min late,,18:11 WET,6min late,1h 13m,
"Mon, 31. Oct 2022",,Landed,IB3112 IBE31FK,Iberia,IB/IBE Lisbon (LIS / LPPT) 17:45 CET,16:45 UTC 17:58 CET,13min late,,18:11 WET,6min late,1h 13m,
"Mon, 31. Oct 2022",,Diverted,W63778 WZZ1077,Wizz Air,W6/WZZ Sibiu (SBZ / LRSB) 17:50 CET,16:50 UTC 3h 50m,,,,,,
"Mon, 31. Oct 2022",,Landed,BA461 BAW461M,British Airways,BA/BAW London (LHR / EGLL) 17:50 CET,16:50 UTC 18:11 CET,21min late,,19:05 GMT,14min early,1h 53m,
"Mon, 31. Oct 2022",,Landed,IB8332 ANE8332,Iberia,IB/IBE Badajoz (BJZ / LEBZ) 17:50 CET,16:50 UTC 17:59 CET,9min late,,18:56 CET,13min early,56m,
"Mon, 31. Oct 2022",,Landed,TP1021 TAP21FD,TAP - Air Portugal,TP/TAP Lisbon (LIS / LPPT) 17:55 CET,16:55 UTC 19:53 CET,1h 58min late,,19:49 WET,1h 34min late,56m,
,,,,,,,,,,,,
"Mon, 31. Oct 2022",,Landed,IB8770 ANE19GY,Iberia,IB/IBE Turin (TRN / LIMF) 17:55 CET,16:55 UTC 17:58 CET,3min late,,19:40 CET,24min early,1h 41m,
"Mon, 31. Oct 2022",,Landed,IB3328 IBE3328,Iberia,IB/IBE Dakar (DSS / GOBD) 18:00 CET,17:00 UTC 18:17 CET,17min late,,21:04 GMT,40min early,3h 47m,
"Mon, 31. Oct 2022",,Landed,TK1860 THY5NZ,Turkish Airlines,TK/THY Istanbul (IST / LTFM) 18:00 CET,17:00 UTC 18:29 CET,29min late,,00:01 UTC+03,8min early,3h 32m,
"Mon, 31. Oct 2022",,Landed,IB3440 IBE34GT,Iberia,IB/IBE Paris (ORY / LFPO) 18:05 CET,17:05 UTC 18:24 CET,19min late,,20:10 CET,on time,1h 46m,
"Mon, 31. Oct 2022",,Landed,AZ63 ITY063,Alitalia,AZ/AZA Rome (FCO / LIRF) 18:05 CET,17:05 UTC 18:30 CET,25min late,,20:36 CET,1min late,2h 6m,
,,,,,,,,,,,,
"Mon, 31. Oct 2022",,Landed,FR154 RYR154,Ryanair,FR/RYR Bristol (BRS / EGGD) 18:15 CET,17:15 UTC 19:02 CET,47min late,,19:52 GMT,37min late,1h 49m,
"Mon, 31. Oct 2022",,Landed,AF1801 AFR18JH,Air France,AF/AFR Paris (CDG / LFPG) 18:20 CET,17:20 UTC 18:41 CET,21min late,,20:20 CET,9min early,1h 38m,
"Mon, 31. Oct 2022",,Landed,W63764 WZZ2PC,Wizz Air,W6/WZZ Craiova (CRA / LRCV) 18:20 CET,17:20 UTC 18:51 CET,31min late,,22:52 EET,7min early,3h 1m,
"Mon, 31. Oct 2022",,Landed,VY1007 VLG7TT,Vueling,VY/VLG Barcelona (BCN / LEBL) 18:25 CET,17:25 UTC 18:34 CET,9min late,,19:28 CET,11min early,54m,
"Mon, 31. Oct 2022",,Landed,FR9686 RYR10WR,Ryanair,FR/RYR Rome (FCO / LIRF) 18:30 CET,17:30 UTC 19:10 CET,40min late,,21:00 CET,on time,1h 50m,
,,,,,,,,,,,,
"Mon, 31. Oct 2022",,Landed,TO4637 TVF81LE,Transavia France,TO/TVF Paris (ORY / LFPO) 18:30 CET,17:30 UTC 18:47 CET,17min late,,20:29 CET,5min early,1h 42m,
"Mon, 31. Oct 2022",,Landed,IB3812 IBS3812,Iberia Express,I2/IBS Ibiza (IBZ / LEIB) 18:35 CET,17:35 UTC 18:37 CET,2min late,,19:41 CET,3min early,1h 4m,
"Mon, 31. Oct 2022",,Landed,W63692 WZZ1132,Wizz Air,W6/WZZ Iasi (IAS / LRIA) 18:40 CET,17:40 UTC 19:55 CET,1h 15min late,,00:09 EET,19min late,3h 14m,
"Mon, 31. Oct 2022",,Landed,FR6697 RYR6697,Ryanair,FR/RYR Rabat (RBA / GMME) 18:50 CET,17:50 UTC 20:11 CET,1h 21min late,,21:23 UTC+01,1h 53min late,1h 11m,
"Mon, 31. Oct 2022",,Landed,AT971 RAM971H,Royal Air Maroc,AT/RAM Casablanca (CMN / GMMN) 18:50 CET,17:50 UTC 19:01 CET,11min late,,20:22 UTC+01,17min early,1h 21m,
,,,,,,,,,,,,
"Mon, 31. Oct 2022",,Landed,AR1133 ARG1133,Aerolineas Argentinas,AR/ARG Buenos Aires (EZE / SAEZ) 18:50 CET,17:50 UTC 19:21 CET,31min late,,03:44 UTC-03,15min early,12h 23m,
"Mon, 31. Oct 2022",,Landed,IB3026 IBE30SE,Iberia,IB/IBE Barcelona (BCN / LEBL) 19:00 CET,18:00 UTC 19:30 CET,30min late,,20:28 CET,13min late,58m,
"Mon, 31. Oct 2022",,Landed,UX6097 AEA90MP,Air Europa,UX/AEA Palma de Mallorca (PMI / LEPA) 19:00 CET,18:00 UTC 20:43 CET,1h 43min late,,21:45 CET,1h 25min late,1h 2m,
"Mon, 31. Oct 2022",,Landed,UX7159 AEA7159,Air Europa,UX/AEA Bilbao (BIO / LEBB) 19:00 CET,18:00 UTC 19:17 CET,17min late,,20:00 CET,on time,43m,
"Mon, 31. Oct 2022",,Landed,UX1157 AEA11YP,Air Europa,UX/AEA Lisbon (LIS / LPPT) 19:05 CET,18:05 UTC 19:28 CET,23min late,,19:31 WET,6min late,1h 2m,
,,,,,,,,,,,,
"Mon, 31. Oct 2022",,Landed,W61472 WZZ3273,Wizz Air,W6/WZZ Warsaw (WAW / EPWA) 19:05 CET,18:05 UTC 19:46 CET,41min late,,22:35 CET,9min early,2h 49m,
"Mon, 31. Oct 2022",,Landed,UX5047 AEA5047,Air Europa,UX/AEA Malaga (AGP / LEMG) 19:05 CET,18:05 UTC 19:05 CET,on time,,19:52 CET,27min early,46m,
"Mon, 31. Oct 2022",,Landed,UX1141 AEA89WJ,Air Europa,UX/AEA Porto (OPO / LPPR) 19:05 CET,18:05 UTC 19:25 CET,20min late,,19:23 WET,3min late,58m,
"Mon, 31. Oct 2022",,Landed,UX7237 AEA75WR,Air Europa,UX/AEA A Coruna (LCG / LECO) 19:10 CET,18:10 UTC 21:33 CET,2h 23min late,,22:28 CET,2h 8min late,54m,
"Mon, 31. Oct 2022",,Landed,UX9057 AEA9057,Air Europa,UX/AEA Tenerife (TFN / GCXO) 19:10 CET,18:10 UTC 19:33 CET,23min late,,21:09 WET,4min late,2h 35m,
"Mon, 31. Oct 2022",,Landed,UX7306 AEA30TM,Air Europa,UX/AEA Vigo (VGO / LEVX) 19:10 CET,18:10 UTC 19:39 CET,29min late,,20:38 CET,23min late,58m,
"Mon, 31. Oct 2022",,Landed,UX9057 AEA9057,Air Europa,UX/AEA Tenerife (TFN / GCXO) 19:10 CET,18:10 UTC 19:33 CET,23min late,,21:09 WET,4min late,2h 35m,
"Mon, 31. Oct 2022",,Landed,UX7237 AEA75WR,Air Europa,UX/AEA A Coruna (LCG / LECO) 19:10 CET,18:10 UTC 21:33 CET,2h 23min late,,22:28 CET,2h 8min late,54m,
"Mon, 31. Oct 2022",,Landed,FR600 RYR58QL,Ryanair,FR/RYR Dublin (DUB / EIDW) 19:15 CET,18:15 UTC 19:18 CET,3min late,,21:23 GMT,28min late,3h 4m,
"Mon, 31. Oct 2022",,Landed,FR690 RYR1RQ,Ryanair,FR/RYR Vienna (VIE / LOWW) 19:15 CET,18:15 UTC 19:39 CET,24min late,,22:01 CET,8min early,2h 22m,
,,,,,,,,,,,,
"Mon, 31. Oct 2022",,Landed,BA463 BAW43M,British Airways,BA/BAW London (LHR / EGLL) 19:20 CET,18:20 UTC 19:31 CET,11min late,,20:13 GMT,21min early,1h 41m,
"Mon, 31. Oct 2022",,Landed,FR6725 RYR7WX,Ryanair,FR/RYR Prague (PRG / LKPR) 19:30 CET,18:30 UTC 20:30 CET,1h 0min late,,22:48 CET,23min late,2h 18m,
"Mon, 31. Oct 2022",,Landed,IB3920 IBS39DK,Iberia Express,I2/IBS Palma de Mallorca (PMI / LEPA) 19:35 CET,18:35 UTC 19:33 CET,1min early,,20:37 CET,17min early,1h 3m,
"Mon, 31. Oct 2022",,Landed,U28280 EZY21NU,easyJet,U2/EZY London (LGW / EGKK) 19:35 CET,18:35 UTC 19:51 CET,16min late,,20:46 GMT,8min early,1h 54m,
"Mon, 31. Oct 2022",,Landed,IB3194 IBE31DE,Iberia,IB/IBE Munich (MUC / EDDM) 19:40 CET,18:40 UTC 19:52 CET,12min late,,21:59 CET,20min early,2h 7m,
,,,,,,,,,,,,
"Mon, 31. Oct 2022",,Landed,IB8936 ANE72NK,Iberia,IB/IBE Granada (GRX / LEGR) 19:40 CET,18:40 UTC 19:49 CET,9min late,,20:41 CET,8min early,51m,
"Mon, 31. Oct 2022",,Landed,IB408 IBE04ZA,Iberia,IB/IBE Jerez (XRY / LEJR) 19:40 CET,18:40 UTC 19:44 CET,4min late,,20:39 CET,15min early,55m,
"Mon, 31. Oct 2022",,Landed,IB8744 ANE71AT,Iberia,IB/IBE Porto (OPO / LPPR) 19:40 CET,18:40 UTC 19:43 CET,3min late,,19:44 WET,15min early,1h 1m,
"Mon, 31. Oct 2022",,Landed,IB3106 IBE31LF,Iberia,IB/IBE Lisbon (LIS / LPPT) 19:40 CET,18:40 UTC 20:48 CET,1h 8min late,,20:44 WET,39min late,56m,
"Mon, 31. Oct 2022",,Landed,IB538 IBE05BY,Iberia,IB/IBE Vigo (VGO / LEVX) 19:40 CET,18:40 UTC 20:08 CET,28min late,,21:12 CET,12min late,1h 4m,
,,,,,,,,,,,,
"Mon, 31. Oct 2022",,Landed,IB3272 IBE32DD,Iberia,IB/IBE Hamburg (HAM / EDDH) 19:40 CET,18:40 UTC 20:00 CET,20min late,,22:11 CET,28min early,2h 11m,
"Mon, 31. Oct 2022",,Landed,IB8742 ANE46CY,Iberia,IB/IBE Toulouse (TLS / LFBO) 19:40 CET,18:40 UTC 19:53 CET,13min late,,21:05 CET,5min late,1h 12m,
"Mon, 31. Oct 2022",,Landed,IB3674 IBS3674,Iberia,IB/IBE Berlin (BER / EDDB) 19:45 CET,18:45 UTC 20:04 CET,19min late,,22:26 CET,18min early,2h 22m,
"Mon, 31. Oct 2022",,Landed,IB3134 IBE31CM,Iberia,IB/IBE Dusseldorf (DUS / EDDL) 19:45 CET,18:45 UTC 20:25 CET,40min late,,22:26 CET,1min late,2h,
"Mon, 31. Oct 2022",,Landed,IB440 IBE0440,Iberia,IB/IBE Bilbao (BIO / LEBB) 19:45 CET,18:45 UTC 20:05 CET,20min late,,20:47 CET,2min early,42m,
,,,,,,,,,,,,
"Mon, 31. Oct 2022",,Landed,IB558 IBE05CD,Iberia,IB/IBE Santander (SDR / LEXJ) 19:50 CET,18:50 UTC 19:54 CET,4min late,,20:42 CET,17min early,47m,
"Mon, 31. Oct 2022",,Landed,IB3124 IBE31BT,Iberia,IB/IBE Vienna (VIE / LOWW) 19:50 CET,18:50 UTC 20:10 CET,20min late,,22:43 CET,6min early,2h 33m,
"Mon, 31. Oct 2022",,Landed,IB3938 IBS39WQ,Iberia Express,I2/IBS Tenerife (TFN / GCXO) 19:50 CET,18:50 UTC 20:04 CET,14min late,,21:32 WET,7min early,2h 28m,
"Mon, 31. Oct 2022",,Landed,IB3902 IBS3902,Iberia Express,I2/IBS Fuerteventura (FUE / GCFV) 19:50 CET,18:50 UTC 20:48 CET,58min late,,22:01 WET,26min late,2h 12m,
"Mon, 31. Oct 2022",,Landed,IB3880 IBS3880,Iberia,IB/IBE Santiago (SCQ / LEST) 19:55 CET,18:55 UTC 20:09 CET,14min late,,21:06 CET,3min early,56m,
,,,,,,,,,,,,
"Mon, 31. Oct 2022",,Landed,IB3476 IBE34BC,Iberia,IB/IBE Zurich (ZRH / LSZH) 19:55 CET,18:55 UTC 20:04 CET,9min late,,22:06 CET,13min early,2h 1m,
"Mon, 31. Oct 2022",,Landed,IB3948 IBS3948,Iberia,IB/IBE Seville (SVQ / LEZL) 19:55 CET,18:55 UTC 20:16 CET,21min late,,21:06 CET,6min late,49m,
"Mon, 31. Oct 2022",,Landed,IB8712 ANE33KD,Iberia,IB/IBE Frankfurt (FRA / EDDF) 19:55 CET,18:55 UTC 19:55 CET,on time,,22:13 CET,31min early,2h 18m,
"Mon, 31. Oct 2022",,Landed,IB3742 IBS3742,Iberia,IB/IBE Paris (CDG / LFPG) 19:55 CET,18:55 UTC 19:55 CET,on time,,21:46 CET,8min early,1h 51m,
"Mon, 31. Oct 2022",,Landed,IB3710 IBS3710,Iberia,IB/IBE Naples (NAP / LIRN) 19:55 CET,18:55 UTC 19:54 CET,on time,,22:25 CET,9min early,2h 31m,
"Mon, 31. Oct 2022",,Landed,IB3742 IBS3742,Iberia,IB/IBE Paris (CDG / LFPG) 19:55 CET,18:55 UTC 19:55 CET,on time,,21:46 CET,8min early,1h 51m,
"Mon, 31. Oct 2022",,Landed,IB8712 ANE33KD,Iberia,IB/IBE Frankfurt (FRA / EDDF) 19:55 CET,18:55 UTC 19:55 CET,on time,,22:13 CET,31min early,2h 18m,
"Mon, 31. Oct 2022",,Landed,IB3880 IBS3880,Iberia,IB/IBE Santiago (SCQ / LEST) 19:55 CET,18:55 UTC 20:09 CET,14min late,,21:06 CET,3min early,56m,
"Mon, 31. Oct 2022",,Landed,IB3948 IBS3948,Iberia,IB/IBE Seville (SVQ / LEZL) 19:55 CET,18:55 UTC 20:16 CET,21min late,,21:06 CET,6min late,49m,
"Mon, 31. Oct 2022",,Landed,IB3710 IBS3710,Iberia,IB/IBE Naples (NAP / LIRN) 19:55 CET,18:55 UTC 19:54 CET,on time,,22:25 CET,9min early,2h 31m,
,,,,,,,,,,,,
"Mon, 31. Oct 2022",,Landed,IB3476 IBE34BC,Iberia,IB/IBE Zurich (ZRH / LSZH) 19:55 CET,18:55 UTC 20:04 CET,9min late,,22:06 CET,13min early,2h 1m,
"Mon, 31. Oct 2022",,Landed,IB3238 IBE32GM,Iberia,IB/IBE Rome (FCO / LIRF) 20:00 CET,19:00 UTC 20:18 CET,18min late,,22:23 CET,6min early,2h 5m,
"Mon, 31. Oct 2022",,Landed,IB3750 IBS3750,Iberia,IB/IBE Malaga (AGP / LEMG) 20:00 CET,19:00 UTC 20:04 CET,4min late,,21:00 CET,9min early,56m,
"Mon, 31. Oct 2022",,Landed,UX9172 AEA9172,Air Europa,UX/AEA Las Palmas (LPA / GCLP) 20:00 CET,19:00 UTC 20:25 CET,25min late,,22:05 WET,10min late,2h 39m,
"Mon, 31. Oct 2022",,Landed,IB3732 IBS37FR,Iberia,IB/IBE Lyon (LYS / LFLL) 20:05 CET,19:05 UTC 20:20 CET,15min late,,21:36 CET,18min early,1h 16m,
,,,,,,,,,,,,
"Mon, 31. Oct 2022",,Landed,IB3208 IBE32HH,Iberia,IB/IBE Brussels (BRU / EBBR) 20:05 CET,19:05 UTC 20:17 CET,12min late,,22:02 CET,27min early,1h 45m,
"Mon, 31. Oct 2022",,Landed,VY3417 VLG87NA,Vueling,VY/VLG Ibiza (IBZ / LEIB) 20:10 CET,19:10 UTC 20:35 CET,25min late,,21:21 CET,1min late,46m,
"Mon, 31. Oct 2022",,Landed,IB3400 IBE34GR,Iberia,IB/IBE Paris (ORY / LFPO) 20:10 CET,19:10 UTC 20:17 CET,7min late,,21:57 CET,17min early,1h 40m,
"Mon, 31. Oct 2022",,Landed,AF1101 AFR44CJ,Air France,AF/AFR Paris (CDG / LFPG) 20:10 CET,19:10 UTC 20:35 CET,25min late,,22:17 CET,2min early,1h 42m,
"Mon, 31. Oct 2022",,Landed,3O392 MAC392,Air Arabia Maroc,3O/MAC Tangier (TNG / GMTT) 20:10 CET,19:10 UTC 20:28 CET,18min late,,21:26 UTC+01,8min early,58m,
,,,,,,,,,,,,
"Mon, 31. Oct 2022",,Landed,FR7754 RYR9YN,Ryanair,FR/RYR Tangier (TNG / GMTT) 20:15 CET,19:15 UTC 20:28 CET,13min late,,21:57 UTC+01,12min late,1h 28m,
"Mon, 31. Oct 2022",,Landed,TO4639 TVF61HN,Transavia France,TO/TVF Paris (ORY / LFPO) 20:15 CET,19:15 UTC 20:38 CET,23min late,,22:38 CET,18min late,2h,
"Mon, 31. Oct 2022",,Landed,W63172 WZZ508,Wizz Air,W6/WZZ Bucharest (OTP / LROP) 20:15 CET,19:15 UTC 20:34 CET,19min late,,00:59 EET,10min early,3h 24m,
"Mon, 31. Oct 2022",,Landed,FR100 RYR1YG,Ryanair,FR/RYR Bordeaux (BOD / LFBD) 20:20 CET,19:20 UTC 20:49 CET,29min late,,21:45 CET,5min late,56m,
"Mon, 31. Oct 2022",,Landed,IB3482 IBE34YY,Iberia,IB/IBE Geneva (GVA / LSGG) 20:20 CET,19:20 UTC 20:30 CET,10min late,,22:07 CET,12min early,1h 37m,
,,,,,,,,,,,,
"Mon, 31. Oct 2022",,Landed,IB8850 ANE84UF,Iberia,IB/IBE Pamplona (PNA / LEPP) 20:25 CET,19:25 UTC 20:32 CET,7min late,,21:19 CET,5min early,47m,
"Mon, 31. Oct 2022",,Landed,KL1706 KLM1706,KLM Royal Dutch Airlines,KL/KLM Amsterdam (AMS / EHAM) 20:25 CET,19:25 UTC 20:39 CET,14min late,,22:32 CET,27min early,1h 53m,
"Mon, 31. Oct 2022",,Landed,U23908 EJU31QA,easyJet,U2/EZY Paris (CDG / LFPG) 20:25 CET,19:25 UTC 21:03 CET,38min late,,22:47 CET,7min late,1h 44m,
"Mon, 31. Oct 2022",,Landed,LG3838 LGL3838,Luxair,LG/LGL Luxembourg (LUX / ELLX) 20:30 CET,19:30 UTC 20:51 CET,21min late,,22:39 CET,10min early,1h 48m,
"Mon, 31. Oct 2022",,Landed,LX2033 SWR49U,Swiss,LX/SWR Zurich (ZRH / LSZH) 20:30 CET,19:30 UTC 20:49 CET,19min late,,23:00 CET,15min late,2h 11m,
,,,,,,,,,,,,
"Mon, 31. Oct 2022",,Landed,U26036 EZY51UD,easyJet,U2/EZY Bristol (BRS / EGGD) 20:30 CET,19:30 UTC 21:36 CET,1h 6min late,,22:32 GMT,42min late,1h 55m,
"Mon, 31. Oct 2022",,Landed,FR2775 RYR4MP,Ryanair,FR/RYR Palma de Mallorca (PMI / LEPA) 20:30 CET,19:30 UTC 20:42 CET,12min late,,21:39 CET,20min early,56m,
"Mon, 31. Oct 2022",,Landed,VY1499 VLG1499,Vueling,VY/VLG Florence (FLR / LIRQ) 20:30 CET,19:30 UTC 20:55 CET,25min late,,22:58 CET,13min late,2h 3m,
"Mon, 31. Oct 2022",,Landed,BA465 BAW465M,British Airways,BA/BAW London (LHR / EGLL) 20:40 CET,19:40 UTC 20:54 CET,14min late,,21:36 GMT,18min early,1h 42m,
"Mon, 31. Oct 2022",,Landed,U21418 EZS48KF,easyJet,U2/EZY Geneva (GVA / LSGG) 20:40 CET,19:40 UTC 21:35 CET,55min late,,23:01 CET,26min late,1h 25m,
"Mon, 31. Oct 2022",,Landed,U21418 EZS48KF,easyJet,U2/EZY Geneva (GVA / LSGG) 20:40 CET,19:40 UTC 21:35 CET,55min late,,23:01 CET,26min late,1h 25m,
"Mon, 31. Oct 2022",,Landed,BA465 BAW465M,British Airways,BA/BAW London (LHR / EGLL) 20:40 CET,19:40 UTC 20:54 CET,14min late,,21:36 GMT,18min early,1h 42m,
"Mon, 31. Oct 2022",,Landed,U22204 EZY75VL,easyJet,U2/EZY London (LTN / EGGW) 20:45 CET,19:45 UTC 20:49 CET,4min late,,21:44 GMT,30min early,1h 55m,
"Mon, 31. Oct 2022",,Landed,IB3256 IBE32BB,Iberia,IB/IBE Milan (LIN / LIML) 20:50 CET,19:50 UTC 21:03 CET,13min late,,22:49 CET,10min early,1h 46m,
"Mon, 31. Oct 2022",,Landed,FR6719 RYR532Q,Ryanair,FR/RYR Ibiza (IBZ / LEIB) 20:55 CET,19:55 UTC 21:28 CET,33min late,,22:14 CET,on time,46m,
,,,,,,,,,,,,
"Mon, 31. Oct 2022",,Landed,FR2327 RYR76BC,Ryanair,FR/RYR London (STN / EGSS) 21:00 CET,20:00 UTC 21:02 CET,2min late,,22:46 GMT,16min late,2h 44m,
"Mon, 31. Oct 2022",,Landed,IB3248 IBE32PA,Iberia,IB/IBE Venice (VCE / LIPZ) 21:05 CET,20:05 UTC 21:10 CET,5min late,,23:16 CET,13min early,2h 6m,
"Mon, 31. Oct 2022",,Landed,TP1019 TAP19UT,TAP - Air Portugal,TP/TAP Lisbon (LIS / LPPT) 21:10 CET,20:10 UTC 22:16 CET,1h 6min late,,21:51 WET,21min late,35m,
"Mon, 31. Oct 2022",,Landed,IB3034 IBE30BM,Iberia,IB/IBE Barcelona (BCN / LEBL) 21:15 CET,20:15 UTC 21:17 CET,2min late,,22:07 CET,22min early,50m,
"Mon, 31. Oct 2022",,Landed,IB8762 ANE19ZP,Iberia,IB/IBE Bologna (BLQ / LIPE) 21:15 CET,20:15 UTC 21:24 CET,9min late,,23:21 CET,13min early,1h 56m,
,,,,,,,,,,,,
"Mon, 31. Oct 2022",,Landed,FR9681 RYR8TL,Ryanair,FR/RYR Lisbon (LIS / LPPT) 21:15 CET,20:15 UTC 22:26 CET,1h 11min late,,22:24 WET,44min late,58m,
"Mon, 31. Oct 2022",,Landed,FR1422 RYR4YA,Ryanair,FR/RYR Milan (BGY / LIME) 21:20 CET,20:20 UTC 22:14 CET,54min late,,00:07 CET,27min late,1h 53m,
"Mon, 31. Oct 2022",,Landed,FR6713 RYR6713,Ryanair,FR/RYR Marrakesh (RAK / GMMX) 21:20 CET,20:20 UTC 21:52 CET,32min late,,23:29 UTC+01,4min late,1h 37m,
"Mon, 31. Oct 2022",,Landed,KM587 AMC587,Air Malta,KM/AMC Luqa (MLA / LMML) 21:25 CET,20:25 UTC 21:25 CET,on time,,01:03 CET,1h 8min late,3h 38m,
"Mon, 31. Oct 2022",,Landed,LA8065 TAM8065,LATAM Airlines Chile,LA/LAN Sao Paulo (GRU / SBGR) 21:30 CET,20:30 UTC 21:41 CET,11min late,,03:52 UTC-03,12min early,10h 11m,
,,,,,,,,,,,,
"Mon, 31. Oct 2022",,Landed,FR5374 RYR6HB,Ryanair,FR/RYR Bologna (BLQ / LIPE) 21:30 CET,20:30 UTC 22:24 CET,54min late,,00:06 CET,16min late,1h 42m,
"Mon, 31. Oct 2022",,Landed,FR188 RYR84QU,Ryanair,FR/RYR Edinburgh (EDI / EGPH) 21:35 CET,20:35 UTC 23:23 CET,1h 48min late,,00:38 GMT,1h 18min late,2h 14m,
"Mon, 31. Oct 2022",,Landed,IB8752 ANE36SN,Iberia,IB/IBE Marseille (MRS / LFML) 21:35 CET,20:35 UTC 22:20 CET,45min late,,23:40 CET,20min late,1h 20m,
"Mon, 31. Oct 2022",,Landed,FR7849 RYR8PC,Ryanair,FR/RYR Palma de Mallorca (PMI / LEPA) 21:35 CET,20:35 UTC 21:58 CET,23min late,,23:23 CET,18min late,1h 24m,
"Mon, 31. Oct 2022",,Landed,W66646 WZZ425,Wizz Air,W6/WZZ Tirana (TIA / LATI) 21:35 CET,20:35 UTC 22:16 CET,41min late,,00:50 CET,4min early,2h 34m,
,,,,,,,,,,,,
"Mon, 31. Oct 2022",,Landed,EK144 UAE3PJ,Emirates,EK/UAE Dubai (DXB / OMDB) 21:40 CET,20:40 UTC 21:51 CET,11min late,,07:19 UTC+04,25min early,6h 28m,
"Mon, 31. Oct 2022",,Landed,UX6049 AEA6049,Air Europa,UX/AEA Palma de Mallorca (PMI / LEPA) 21:45 CET,20:45 UTC 22:17 CET,32min late,,23:10 CET,5min late,52m,
"Mon, 31. Oct 2022",,Landed,IB3858 IBS3858,Iberia,IB/IBE Lanzarote (ACE / GCRR) 21:50 CET,20:50 UTC 21:50 CET,on time,,23:44 CET,14min late,1h 54m,
"Mon, 31. Oct 2022",,Landed,IB3926 IBS3926,Iberia,IB/IBE Tenerife (TFS / GCTS) 21:55 CET,20:55 UTC 22:00 CET,5min late,,23:43 WET,15min early,2h 43m,
"Mon, 31. Oct 2022",,Landed,OG665 FPY9B,Star Air (India),OG/SDG Reykjavik (KEF / BIKF) 21:55 CET,20:55 UTC 01:26 CET,3h 31min late,,00:47 GMT,47min early,20m,
,,,,,,,,,,,,
"Mon, 31. Oct 2022",,Landed,IB8732 ANE87TL,Iberia,IB/IBE Nice (NCE / LFMN) 22:00 CET,21:00 UTC 22:25 CET,25min late,,23:54 CET,on time,1h 29m,
"Mon, 31. Oct 2022",,Landed,FR5234 RYR319B,Ryanair,FR/RYR Dublin (DUB / EIDW) 22:00 CET,21:00 UTC 22:01 CET,1min late,,00:58 GMT,1h 18min late,3h 56m,
"Mon, 31. Oct 2022",,Landed,IB3834 IBS3834,Iberia Express,I2/IBS Las Palmas (LPA / GCLP) 22:10 CET,21:10 UTC 22:17 CET,7min late,,23:45 WET,19min early,2h 28m,
"Mon, 31. Oct 2022",,Landed,FR6693 RYR6693,Ryanair,FR/RYR Santiago (SCQ / LEST) 22:15 CET,21:15 UTC 23:12 CET,57min late,,00:13 CET,38min late,1h,
"Mon, 31. Oct 2022",,Landed,VY1009 VLG6BJ,Vueling,VY/VLG Barcelona (BCN / LEBL) 22:20 CET,21:20 UTC 22:32 CET,12min late,,23:24 CET,10min early,51m,
"Mon, 31. Oct 2022",,Landed,VY1009 VLG6BJ,Vueling,VY/VLG Barcelona (BCN / LEBL) 22:20 CET,21:20 UTC 22:32 CET,12min late,,23:24 CET,10min early,,
"Mon, 31. Oct 2022",,Landed,FR2329 RYR52VV,Ryanair,FR/RYR London (STN / EGSS) 22:30 CET,21:30 UTC 22:31 CET,1min late,,00:32 GMT,33min late,,
"Mon, 31. Oct 2022",,Landed,IB3916 IBS3916,Iberia,IB/IBE Palma de Mallorca (PMI / LEPA) 22:40 CET,21:40 UTC 22:55 CET,15min late,,23:44 CET,14min early,,
"Mon, 31. Oct 2022",,Landed,IB3118 IBE3118,Iberia,IB/IBE Lisbon (LIS / LPPT) 22:50 CET,21:50 UTC 23:02 CET,12min late,,23:01 WET,8min early,,
"Mon, 31. Oct 2022",,Landed,FR6859 RYR41,Ryanair,FR/RYR Porto (OPO / LPPR) 22:50 CET,21:50 UTC 23:53 CET,1h 3min late,,23:40 WET,35min late,,
,,,,,,,,,,,,
"Mon, 31. Oct 2022",,Landed,U27344 EJU95LH,easyJet,U2/EZY Lisbon (LIS / LPPT) 23:05 CET,22:05 UTC 22:46 CET,23h 41min late,,22:42 WET,23h 17min late,,
"Mon, 31. Oct 2022",,Landed,FR5931 RYR5931,Ryanair,FR/RYR Fes (FEZ / GMFF) 23:10 CET,22:10 UTC 00:17 CET,1h 7min late,,01:31 UTC+01,46min late,,
"Mon, 31. Oct 2022",,Landed,DT681 DTA681,TAAG - Linhas Aereas de Angola Airlines,DT/DTA Luanda (LAD / FNLU) 23:25 CET,22:25 UTC 00:52 CET,1h 27min late,,07:34 WAT,1h 19min late,,
"Mon, 31. Oct 2022",,Landed,LA705 LAN705,LATAM Airlines Chile,LA/LAN Santiago (SCL / SCEL) 23:35 CET,22:35 UTC 23:44 CET,9min late,,08:32 UTC-03,22min early,,
"Mon, 31. Oct 2022",,Landed,AM22 AMX022,Aeroméxico,AM/AMX Mexico City (MEX / MMMX) 23:35 CET,22:35 UTC 23:58 CET,23min late,,04:34 CST,10min early,,
,,,,,,,,,,,,
"Mon, 31. Oct 2022",,Landed,IB8880 ANE28KR,Iberia,IB/IBE Valencia (VLC / LEVC) 23:35 CET,22:35 UTC 23:31 CET,3min early,,00:16 CET,23min early,,
"Mon, 31. Oct 2022",,Landed,UX45 AEA045,Air Europa,UX/AEA Montevideo (MVD / SUMU) 23:35 CET,22:35 UTC 23:34 CET,on time,,07:57 UTC-03,17min early,,
"Mon, 31. Oct 2022",,Landed,UX25 AEA025,Air Europa,UX/AEA Santa Cruz (VVI / SLVR) 23:35 CET,22:35 UTC 00:23 CET,48min late,,06:23 UTC-04,38min late,,
"Mon, 31. Oct 2022",,Landed,UX57 AEA057,Air Europa,UX/AEA Sao Paulo (GRU / SBGR) 23:45 CET,22:45 UTC 00:07 CET,22min late,,06:07 UTC-03,27min early,,
"Mon, 31. Oct 2022",,Landed,UX23 AEA023,Air Europa,UX/AEA Asuncion (ASU / SGAS) 23:45 CET,22:45 UTC 00:09 CET,24min late,,07:09 UTC-03,20min early,,
,,,,,,,,,,,,
"Mon, 31. Oct 2022",,Landed,IB6827 IBE6827,Iberia,IB/IBE Sao Paulo (GRU / SBGR) 23:55 CET,22:55 UTC 00:26 CET,31min late,,06:56 UTC-03,8min early,,Estimated
"Mon, 31. Oct 2022",,Landed,UX175 AEA175,Air Europa,UX/AEA Lima (LIM / SPJC) 23:55 CET,22:55 UTC 08:16 CET,8h 21min late,,13:18 UTC-05,7h 23min late,,
"Mon, 31. Oct 2022",,Landed,UX41 AEA041,Air Europa,UX/AEA Buenos Aires (EZE / SAEZ) 23:55 CET,22:55 UTC 00:18 CET,23min late,,08:24 UTC-03,25min early,,
"Mon, 31. Oct 2022",,Landed,IB6409 IBE6409,Iberia,IB/IBE Mexico City (MEX / MMMX) 23:55 CET,22:55 UTC 00:12 CET,17min late,,04:45 CST,29min early,,
"Mon, 31. Oct 2022",,Landed,IB6841 IBE6841,Iberia,IB/IBE Buenos Aires (EZE / SAEZ) 23:59 CET,22:59 UTC 00:21 CET,22min late,,08:55 UTC-03,on time,,
,,,,,,,,,,,,
"Mon, 31. Oct 2022",,Landed,IB6833 IBE6833,Iberia,IB/IBE Santiago (SCL / SCEL) 23:59 CET,22:59 UTC 01:22 CET,1h 23min late,,08:58 UTC-03,21min early,,
"Tue, 01. Nov 2022",,Landed,AV47 AVA047,Avianca,AV/AVA Bogota (BOG / SKBO) 00:25 CET,31. Oct 23:25 UTC 00:38 CET,13min late,,04:14 UTC-05,35min early,,
"Tue, 01. Nov 2022",,Landed,UX39 AEA039,Air Europa,UX/AEA Quito (UIO / SEQM) 01:45 CET,00:45 UTC 02:02 CET,17min late,,06:36 UTC-05,11min late,,
"Tue, 01. Nov 2022",,Unknown,AEG472,Airest,AEG Karlsruhe/Baden-Baden (FKB / EDSB) 02:40 CET,01:40 UTC,,,,,,
"Tue, 01. Nov 2022",,Landed,KL1698 KLM22A,KLM Royal Dutch Airlines,KL/KLM Amsterdam (AMS / EHAM) 06:00 CET,05:00 UTC 06:08 CET,8min late,,08:11 CET,28min early,,
,,,,,,,,,,,,
"Tue, 01. Nov 2022",,Landed,FR5997 RYR93XH,Ryanair,FR/RYR London (STN / EGSS) 06:10 CET,05:10 UTC 06:32 CET,22min late,,07:31 GMT,8min early,,
"Tue, 01. Nov 2022",,Landed,FR2084 RYR69HY,Ryanair,FR/RYR Ibiza (IBZ / LEIB) 06:10 CET,05:10 UTC 06:34 CET,24min late,,07:38 CET,8min late,,
"Tue, 01. Nov 2022",,Landed,LH1121 DLH21P,Lufthansa,LH/DLH Frankfurt (FRA / EDDF) 06:15 CET,05:15 UTC 06:39 CET,24min late,,08:44 CET,11min early,,
"Tue, 01. Nov 2022",,Landed,FR6731 RYR63VR,Ryanair,FR/RYR Naples (NAP / LIRN) 06:15 CET,05:15 UTC 06:36 CET,21min late,,08:36 CET,13min early,,
"Tue, 01. Nov 2022",,Landed,IB432 IBE04RW,Iberia,IB/IBE Bilbao (BIO / LEBB) 06:20 CET,05:20 UTC 06:24 CET,4min late,,07:10 CET,14min early,,
